fr_Subject,fr_Predicate,fr_Object,Triple_ID
OMS,directives,a la decision-cadre du conseil,directive_(eu)_2016_1919_en.txt
directive demandee,objectifs,affaires criminelles,directive_(eu)_2016_1919_en.txt
troisieme paragraphe,enchasser,dans les provisions,directive_(eu)_2016_1919_en.txt
Etats membres,a,echr,directive_(eu)_2016_1919_en.txt
ce,montre,autres Etats membres,directive_(eu)_2016_1919_en.txt
-,c,-,directive_(eu)_2016_1919_en.txt
-,position de,conseil du 13 octobre,directive_(eu)_2016_1919_en.txt
tierce personne,directif,de liberte,directive_(eu)_2016_1919_en.txt
-,decision,entre les Etats membres,directive_(eu)_2016_1919_en.txt
-,-,de l'union europeenne,directive_(eu)_2016_1919_en.txt
conseil de 2009,adopte,1 feuille de route,directive_(eu)_2016_1919_en.txt
accuse qui,appels pour,pour les suspects de mesure,directive_(eu)_2016_1919_en.txt
il,accueilli,au service des citoyens,directive_(eu)_2016_1919_en.txt
autres issues,souligne,dans la zone,directive_(eu)_2016_1919_en.txt
cinq mesures,adopte en vertu,conseil,directive_(eu)_2016_1919_en.txt
7 directive,se rapporte a,l'aide juridique,directive_(eu)_2016_1919_en.txt
l'aide juridique,couverture,des suspects,directive_(eu)_2016_1919_en.txt
suspects capables,etre capable,ressources financieres,directive_(eu)_2016_1919_en.txt
ou les Etats membres,appliquer,telle derogation,directive_(eu)_2016_1919_en.txt
personne accusee,ont,des droits de l'homme,directive_(eu)_2016_1919_en.txt
ou personne,rend express,procedure penale,directive_(eu)_2016_1919_en.txt
interrogatoire de l'accuse,suspendu,que suspect,directive_(eu)_2016_1919_en.txt
accuse devenu personne,etre possible,dans la directive,directive_(eu)_2016_1919_en.txt
autorite,a,infractions mineures,directive_(eu)_2016_1919_en.txt
qui,etre,apres le controle du trafic,directive_(eu)_2016_1919_en.txt
autorites deraisonnables competentes,etre deraisonnable,sous directive,directive_(eu)_2016_1919_en.txt
directif,appliquer,apres appel,directive_(eu)_2016_1919_en.txt
-,c,procedure penale,directive_(eu)_2016_1919_en.txt
-,directif,procedure penale,directive_(eu)_2016_1919_en.txt
OMS,directif,procedure penale,directive_(eu)_2016_1919_en.txt
infractions mineures,considere,reglements municipaux,directive_(eu)_2016_1919_en.txt
directif,appliquer,affaires criminelles,directive_(eu)_2016_1919_en.txt
13 candidatures,est sujet,dans la directive,directive_(eu)_2016_1919_en.txt
aide au fond juridique,etre capable,test de moyens,directive_(eu)_2016_1919_en.txt
test de fond,juge,infractions mineures,directive_(eu)_2016_1919_en.txt
14 portee,affecter,d'avocat,directive_(eu)_2016_1919_en.txt
enquete,constituer,loi nationale,directive_(eu)_2016_1919_en.txt
16 directive,pose,regles minimales,directive_(eu)_2016_1919_en.txt
actes de preuve,etre capable,dans la directive,directive_(eu)_2016_1919_en.txt
quand les interets,sont,de la justice,directive_(eu)_2016_1919_en.txt
Etats membres,permet,test de moyens,directive_(eu)_2016_1919_en.txt
procedural qui,limite,ecthr,directive_(eu)_2016_1919_en.txt
18 Etats membres,poser,l'aide juridique,directive_(eu)_2016_1919_en.txt
l'aide juridique,determiner,par suspect,directive_(eu)_2016_1919_en.txt
demande,etre,accorder l'aide juridictionnelle,directive_(eu)_2016_1919_en.txt
actes de preuve d'enquete,subvention juridique,dans la directive,directive_(eu)_2016_1919_en.txt
actes de preuve d'enquete,accorder,un tel questionnement,directive_(eu)_2016_1919_en.txt
interpretation,prendre en,de directive,directive_(eu)_2016_1919_en.txt
personnes demandees,ont,Etat membre d'execution,directive_(eu)_2016_1919_en.txt
aide juridique,ont,de charte,directive_(eu)_2016_1919_en.txt
ou avocat,etre,Etat membre emetteur,directive_(eu)_2016_1919_en.txt
ce,pris par,directive d'execution,directive_(eu)_2016_1919_en.txt
decision remise,assurer,les rendre,directive_(eu)_2016_1919_en.txt
Etats membres,assurer,echr,directive_(eu)_2016_1919_en.txt
ils le font,respect,dans les systemes de justice penale,directive_(eu)_2016_1919_en.txt
autorite competente,decider,accorder une aide juridique,directive_(eu)_2016_1919_en.txt
independant que,etre,y compris juge,directive_(eu)_2016_1919_en.txt
jusqu'ici ca,etre possible,en temps opportun,directive_(eu)_2016_1919_en.txt
Sens Unique,est,representation legale,directive_(eu)_2016_1919_en.txt
Etats membres,faciliter,procedure de mandat d'arret europeen,directive_(eu)_2016_1919_en.txt
une formation adequate,fourni,procedure de mandat d'arret europeen,directive_(eu)_2016_1919_en.txt
ce,demande,l'aide juridique,directive_(eu)_2016_1919_en.txt
Etats membres,a besoin,droit syndical,directive_(eu)_2016_1919_en.txt
disposition compromise,etre disponible,partie entiere,directive_(eu)_2016_1919_en.txt
-,est,dans la directive,directive_(eu)_2016_1919_en.txt
ou demande,inclure,l'aide juridique,directive_(eu)_2016_1919_en.txt
donnees,collecte,personnes demandees,directive_(eu)_2016_1919_en.txt
29 directive,postuler a,statut legal,directive_(eu)_2016_1919_en.txt
Etats membres,respect,comme course,directive_(eu)_2016_1919_en.txt
directif,soutient,de defense,directive_(eu)_2016_1919_en.txt
directif,mis en oeuvre dans,avec droits,directive_(eu)_2016_1919_en.txt
30 directive,pose,regles minimales,directive_(eu)_2016_1919_en.txt
Etats membres,etre capable,de protection,directive_(eu)_2016_1919_en.txt
regles minimales,constituer,ce,directive_(eu)_2016_1919_en.txt
niveau,tomber en dessous,ecthr,directive_(eu)_2016_1919_en.txt
syndicat,adopter,sur l'union europeenne,directive_(eu)_2016_1919_en.txt
au-dela de quoi,aller au-dela,atteindre l'objectif,directive_(eu)_2016_1919_en.txt
Etats membres,prise,son application,directive_(eu)_2016_1919_en.txt
Danemark,prise,directif,directive_(eu)_2016_1919_en.txt
b qui,pose,a la decision-cadre,directive_(eu)_2016_1919_en.txt
directif,complements,directives,directive_(eu)_2016_1919_en.txt
rien,interprete comme,dans les directives,directive_(eu)_2016_1919_en.txt
OMS,2,de la criminalite,directive_(eu)_2016_1919_en.txt
OMS,s'applique,UE .,directive_(eu)_2016_1919_en.txt
OMS,s'applique,autorite chargee de l'application de la loi,directive_(eu)_2016_1919_en.txt
directif,s'applique,affaires criminelles,directive_(eu)_2016_1919_en.txt
quand la decision,s'applique,de la procedure,directive_(eu)_2016_1919_en.txt
l'aide juridique,moyens,a l'avocat,directive_(eu)_2016_1919_en.txt
quand les interets,article,de la justice,directive_(eu)_2016_1919_en.txt
aide au fond juridique,appliquer,avec paragraphe,directive_(eu)_2016_1919_en.txt
suspect,prendre en,d'avocat,directive_(eu)_2016_1919_en.txt
determiner les interets,prendre en,besoin d'aide juridique,directive_(eu)_2016_1919_en.txt
ou suspect,juge,b detention,directive_(eu)_2016_1919_en.txt
actes d'enquete,assurer,de l'article,directive_(eu)_2016_1919_en.txt
personne,accorde,infraction penale commise,directive_(eu)_2016_1919_en.txt
-,article,procedure de mandat d'arret europeen,directive_(eu)_2016_1919_en.txt
l'aide juridique,assurer,a la justice,directive_(eu)_2016_1919_en.txt
4(3 qui,faire l'objet,mutatis mutandis,directive_(eu)_2016_1919_en.txt
-,-,l'aide juridique,directive_(eu)_2016_1919_en.txt
les decisions,fait,autorite competente,directive_(eu)_2016_1919_en.txt
autorite competente,prendre ce qu'il faut,de defense,directive_(eu)_2016_1919_en.txt
leur demande,prendre necessaire,partie entiere,directive_(eu)_2016_1919_en.txt
-,article,services d'aide juridique,directive_(eu)_2016_1919_en.txt
services d'aide juridique,prendre necessaire,profession legale,directive_(eu)_2016_1919_en.txt
une formation adequate,assurer,procedure de mandat d'arret europeen,directive_(eu)_2016_1919_en.txt
Etats membres,prendre ce qu'il faut,services d'aide juridique,directive_(eu)_2016_1919_en.txt
circonstances remplacees specifiques,prendre,pour eux,directive_(eu)_2016_1919_en.txt
suspects,assurer,sous directive,directive_(eu)_2016_1919_en.txt
besoins particuliers,assurer,de directive,directive_(eu)_2016_1919_en.txt
comment les droits,.,dans la directive,directive_(eu)_2016_1919_en.txt
par la suite commission,soumettre,conseil,directive_(eu)_2016_1919_en.txt
commission,evaluer,procedure de mandat d'arret europeen,directive_(eu)_2016_1919_en.txt
qui,interprete comme,de protection,directive_(eu)_2016_1919_en.txt
Etats membres,Amener dans,25 mai,directive_(eu)_2016_1919_en.txt
ils,informer,commission immediate,directive_(eu)_2016_1919_en.txt
ils,contenir,publication officielle,directive_(eu)_2016_1919_en.txt
methodes,pose,Etats membres,directive_(eu)_2016_1919_en.txt
ils,communiquer a,directive couverte,directive_(eu)_2016_1919_en.txt
directif,entrer dans,de l'union europeenne,directive_(eu)_2016_1919_en.txt
14 destinataires,adressee a,avec des traites,directive_(eu)_2016_1919_en.txt
-,fait a,a strasbourg,directive_(eu)_2016_1919_en.txt
-,president,pour le conseil,directive_(eu)_2016_1919_en.txt
-,president,-,directive_(eu)_2016_1919_en.txt
1 presomption,directives,des droits de l'homme,directive_(eu)_2016_343_en.txt
2 union,ensemble,de liberte,directive_(eu)_2016_343_en.txt
reconnaissance mutuelle,faciliter,droits individuels,directive_(eu)_2016_343_en.txt
principe,devenir,au sein du syndicat,directive_(eu)_2016_343_en.txt
cooperation judiciaire,est,des jugements,directive_(eu)_2016_343_en.txt
-,c,-,directive_(eu)_2016_343_en.txt
-,position de,de l'union europeenne,directive_(eu)_2016_343_en.txt
Etats membres,repose sur,systemes de justice penale,directive_(eu)_2016_343_en.txt
qui,est dependant,de principe,directive_(eu)_2016_343_en.txt
ce,montre,autres Etats membres,directive_(eu)_2016_343_en.txt
conseil de 2009,.,1 feuille de route,directive_(eu)_2016_343_en.txt
accuse qui,appels pour,pour les suspects de mesure,directive_(eu)_2016_343_en.txt
il,accueilli,au service des citoyens,directive_(eu)_2016_343_en.txt
autres issues,souligne,dans la zone,directive_(eu)_2016_343_en.txt
trois mesures,8),conseil,directive_(eu)_2016_343_en.txt
9 but,est,present au proces actuel,directive_(eu)_2016_343_en.txt
directive accuse,objectifs,affaires criminelles,directive_(eu)_2016_343_en.txt
regles minimales communes,retirer,des Etats membres,directive_(eu)_2016_343_en.txt
11 directive,appliquer,des droits de l'homme,directive_(eu)_2016_343_en.txt
ou ce dernier,appliquer au civil,de telles procedures,directive_(eu)_2016_343_en.txt
OMS,appliquer au naturel,procedure penale,directive_(eu)_2016_343_en.txt
il,postuler a partir de,notification officielle,directive_(eu)_2016_343_en.txt
personne suspecte,postuler a,infraction penale commise,directive_(eu)_2016_343_en.txt
disponible seulement decision disponible,tomber dans,de directive,directive_(eu)_2016_343_en.txt
-,directif,procedure penale,directive_(eu)_2016_343_en.txt
tierce personne,directif,de liberte,directive_(eu)_2016_343_en.txt
13 directive,reconnait,personnes physiques,directive_(eu)_2016_343_en.txt
une telle protection,reflete dans bien etabli,des droits de l'homme,directive_(eu)_2016_343_en.txt
ils,reconnu,personnes physiques,directive_(eu)_2016_343_en.txt
il,est premature,personnes morales,directive_(eu)_2016_343_en.txt
directif,s'appliquer au juridique,personnes morales,directive_(eu)_2016_343_en.txt
ce,etre sans,personnes morales,directive_(eu)_2016_343_en.txt
evolution du cas,assure par,pour l'action syndicale,directive_(eu)_2016_343_en.txt
aussi longue personne,viole,a la loi,directive_(eu)_2016_343_en.txt
personne,refleter,pas d'avis,directive_(eu)_2016_343_en.txt
droits fournis,etre sans,de defense,directive_(eu)_2016_343_en.txt
de telles decisions,etre sans,suspect referer la personne,directive_(eu)_2016_343_en.txt
decision concernee,ont,aux elements,directive_(eu)_2016_343_en.txt
compris cela,compris,concernant l'immunite,directive_(eu)_2016_343_en.txt
lors des poursuites,empecher le public,troubles a l'ordre public,directive_(eu)_2016_343_en.txt
ce,confine a,en compte,directive_(eu)_2016_343_en.txt
est coupable il,creer,a la loi,directive_(eu)_2016_343_en.txt
des personnes si longues,prendre ce qu'il faut,a la loi,directive_(eu)_2016_343_en.txt
Etats membres,informer le public,aux medias,directive_(eu)_2016_343_en.txt
ce,etre sans,de la presse,directive_(eu)_2016_343_en.txt
utilisation des jambes,s'abstenir de,comme temoins,directive_(eu)_2016_343_en.txt
autorites competentes,impliquer,de telles mesures,directive_(eu)_2016_343_en.txt
-,-,de l'union europeenne,directive_(eu)_2016_343_en.txt
personnes,s'abstenir de,eviter l'impression,directive_(eu)_2016_343_en.txt
doute,est sur,suspect,directive_(eu)_2016_343_en.txt
fardeau,enfreint,personne suspecte,directive_(eu)_2016_343_en.txt
moyens,confine dans des limites raisonnables,objectif legitime proportionne,directive_(eu)_2016_343_en.txt
ou les droits,etre refutable,de defense,directive_(eu)_2016_343_en.txt
seules poursuites,charge de,recherche de preuves a charge,directive_(eu)_2016_343_en.txt
a condition qu'il,etre capable,droit syndical,directive_(eu)_2016_343_en.txt
24 a droite,est,de l'auto-incrimination,directive_(eu)_2016_343_en.txt
25 a droite,est,de l'innocence,directive_(eu)_2016_343_en.txt
qui,force,a l'auto-incrimination,directive_(eu)_2016_343_en.txt
personne,postuler a,personne suspecte,directive_(eu)_2016_343_en.txt
personnes,impliquer,informations sur l'accuse,directive_(eu)_2016_343_en.txt
pretation inter violee,pris dans,en compte,directive_(eu)_2016_343_en.txt
personne,utilise contre,infraction penale,directive_(eu)_2016_343_en.txt
qui,prevenir,des tests ADN,directive_(eu)_2016_343_en.txt
a condition que cela,empecher,proces equitable,directive_(eu)_2016_343_en.txt
il,considerer,avec directives,directive_(eu)_2016_343_en.txt
33 a droite,est,societe democratique,directive_(eu)_2016_343_en.txt
droite,base sur,tout au long de l'union,directive_(eu)_2016_343_en.txt
ils,ont,loi nationale,directive_(eu)_2016_343_en.txt
35 a droite,est,present au proces actuel,directive_(eu)_2016_343_en.txt
suspects,etre capable,pouvoir expressement pouvoir droit,directive_(eu)_2016_343_en.txt
meme personne,etre possible,present au proces actuel,directive_(eu)_2016_343_en.txt
ou suspect,etre,de non-apparition,directive_(eu)_2016_343_en.txt
ce,compris,conscient du proces conscient,directive_(eu)_2016_343_en.txt
il a remis,compris,au proces,directive_(eu)_2016_343_en.txt
OMS,etre possible,personne suspecte,directive_(eu)_2016_343_en.txt
attention particuliere,versee a,a lui,directive_(eu)_2016_343_en.txt
l'a fui,etre possible,decision,directive_(eu)_2016_343_en.txt
ils ont apprehende,assurer,Remede legal,directive_(eu)_2016_343_en.txt
de telles informations,Fourni dans,en cours d'ecriture,directive_(eu)_2016_343_en.txt
information,fourni,loi nationale,directive_(eu)_2016_343_en.txt
ou ce,autorise,procedure penale,directive_(eu)_2016_343_en.txt
presence,etre,de temoin,directive_(eu)_2016_343_en.txt
une audience,exerce,present au proces actuel,directive_(eu)_2016_343_en.txt
regles d'application nationales,moyens,pour entendre,directive_(eu)_2016_343_en.txt
regles nationales,conformer a,proces equitable,directive_(eu)_2016_343_en.txt
audience,est,dans lequel,directive_(eu)_2016_343_en.txt
besoins particuliers,assurer,pris en compte pris en compte,directive_(eu)_2016_343_en.txt
mentale ils,compris,a leur age,directive_(eu)_2016_343_en.txt
43 enfants,sont vulnerables,de protection,directive_(eu)_2016_343_en.txt
garanties procedurales,etabli,dans la directive,directive_(eu)_2016_343_en.txt
Etats membres,a besoin,droit syndical,directive_(eu)_2016_343_en.txt
enfreindre,ont,de defense,directive_(eu)_2016_343_en.txt
tribunaux,respect,de la procedure,directive_(eu)_2016_343_en.txt
rendre la procedure,devait,dans son ensemble,directive_(eu)_2016_343_en.txt
declaration,invoque comme,comme preuve,directive_(eu)_2016_343_en.txt
Etats membres,envoyer disponible,commission,directive_(eu)_2016_343_en.txt
ces donnees,inclure,present au proces actuel,directive_(eu)_2016_343_en.txt
47 directive,soutient,de defense,directive_(eu)_2016_343_en.txt
ils,avait,du droit syndical,directive_(eu)_2016_343_en.txt
Etats membres,etre capable,de protection,directive_(eu)_2016_343_en.txt
niveau,tomber en dessous,des droits de l'homme,directive_(eu)_2016_343_en.txt
syndicat,adopter,5 evp,directive_(eu)_2016_343_en.txt
au-dela de quoi,aller au-dela,atteindre les objectifs,directive_(eu)_2016_343_en.txt
Etats membres,prise,son application,directive_(eu)_2016_343_en.txt
Danemark,prise,directif,directive_(eu)_2016_343_en.txt
directif,pose,procedure penale,directive_(eu)_2016_343_en.txt
OMS,s'applique au naturel,procedure penale,directive_(eu)_2016_343_en.txt
de personne,s'applique a,infraction penale commise,directive_(eu)_2016_343_en.txt
suspects,assurer,a la loi,directive_(eu)_2016_343_en.txt
declarations publiques,prendre,referer a referer la personne,directive_(eu)_2016_343_en.txt
qui,etre sans,soupconne,directive_(eu)_2016_343_en.txt
Mesures appropriees,assurer,article particulier,directive_(eu)_2016_343_en.txt
obligation,empecher le public,interet public,directive_(eu)_2016_343_en.txt
s'assurer que les suspects,article,Contrainte physique,directive_(eu)_2016_343_en.txt
ce,prevenir,tiers,directive_(eu)_2016_343_en.txt
fardeau,assurer,est en cours,directive_(eu)_2016_343_en.txt
ce,etre sans,loi nationale,directive_(eu)_2016_343_en.txt
evalue la personne,assurer,le suspect est une personne,directive_(eu)_2016_343_en.txt
ils,assurer,ce,directive_(eu)_2016_343_en.txt
suspects,assurer,s'incriminer,directive_(eu)_2016_343_en.txt
qui,prevenir,des suspects,directive_(eu)_2016_343_en.txt
autorites judiciaires,permettre,des suspects,directive_(eu)_2016_343_en.txt
pas eux,utilise contre,infraction penale,directive_(eu)_2016_343_en.txt
-,droite,present au proces actuel,directive_(eu)_2016_343_en.txt
suspects,assurer,leur proces actuel,directive_(eu)_2016_343_en.txt
OMS,fournir,Etat,directive_(eu)_2016_343_en.txt
qui,applique contre,contre personne,directive_(eu)_2016_343_en.txt
efforts raisonnables,prevoir,de l'article,directive_(eu)_2016_343_en.txt
decision,fournir,-,directive_(eu)_2016_343_en.txt
ils ont apprehende,assurer,avec articles,directive_(eu)_2016_343_en.txt
a condition que cela,etre sans,proces equitable,directive_(eu)_2016_343_en.txt
decision initiale,assurer,nouvelle preuve,directive_(eu)_2016_343_en.txt
suspects,assurer,de defense,directive_(eu)_2016_343_en.txt
leurs droits,assurer,sous directive,directive_(eu)_2016_343_en.txt
droits,assurer,de la procedure,directive_(eu)_2016_343_en.txt
comment les droits,rapport,dans la directive,directive_(eu)_2016_343_en.txt
commission,soumettre,de directive,directive_(eu)_2016_343_en.txt
qui,interprete comme,de protection,directive_(eu)_2016_343_en.txt
Etats membres,Amener dans,1er avril,directive_(eu)_2016_343_en.txt
ils,informer,commission immediate,directive_(eu)_2016_343_en.txt
ils,contenir,publication officielle,directive_(eu)_2016_343_en.txt
methodes,pose,Etats membres,directive_(eu)_2016_343_en.txt
ils,communiquer a,directive couverte,directive_(eu)_2016_343_en.txt
directif,entrer dans,de l'union europeenne,directive_(eu)_2016_343_en.txt
16 destinataires,adressee a,avec des traites,directive_(eu)_2016_343_en.txt
-,fait a,a strasbourg,directive_(eu)_2016_343_en.txt
-,president,pour le conseil,directive_(eu)_2016_343_en.txt
OMS,directives,integration sociale - delinquance,directive_(eu)_2016_800_en.txt
directive accuse,objectifs,affaires criminelles,directive_(eu)_2016_800_en.txt
regles minimales,retirer,des Etats membres,directive_(eu)_2016_800_en.txt
ce,montre,autres Etats membres,directive_(eu)_2016_800_en.txt
conseil de 2009,adopte,3 feuille de route,directive_(eu)_2016_800_en.txt
OMS,appels pour,personnes soupconnees de mesure,directive_(eu)_2016_800_en.txt
feuille de route,souligne,1 jo c,directive_(eu)_2016_800_en.txt
-,position de,21 avril,directive_(eu)_2016_800_en.txt
-,c,-,directive_(eu)_2016_800_en.txt
donc indicatif,-,avec des priorites,directive_(eu)_2016_800_en.txt
ses avantages,experimente dans,comme concu ensemble,directive_(eu)_2016_800_en.txt
il,accueilli,au service des citoyens,directive_(eu)_2016_800_en.txt
autres issues,souligne,dans la zone,directive_(eu)_2016_800_en.txt
quatre mesures,adopte en vertu,du parlement europeen,directive_(eu)_2016_800_en.txt
7 directive,favorise,justice amicale,directive_(eu)_2016_800_en.txt
meilleurs interets,assurer,de l'union europeenne,directive_(eu)_2016_800_en.txt
OMS,donne en particulier,dans la societe,directive_(eu)_2016_800_en.txt
OMS,postuler a,enfants,directive_(eu)_2016_800_en.txt
dispositions pertinentes,postuler a partir de,Etat membre d'execution,directive_(eu)_2016_800_en.txt
ou l'application,postuler a,de personne,directive_(eu)_2016_800_en.txt
qui,encourage,de 18,directive_(eu)_2016_800_en.txt
une telle preuve,determiner,etat civil,directive_(eu)_2016_800_en.txt
examen medical,porte,droits de l'enfant,directive_(eu)_2016_800_en.txt
personne,presume,de directive,directive_(eu)_2016_800_en.txt
-,directif,procedure penale,directive_(eu)_2016_800_en.txt
tierce personne,directif,autorites consulaires,directive_(eu)_2016_800_en.txt
-,decision,entre les Etats membres,directive_(eu)_2016_800_en.txt
14 directive,appliquer dans,infractions mineures,directive_(eu)_2016_800_en.txt
OMS,appliquer,de liberte,directive_(eu)_2016_800_en.txt
autorite,a,infractions mineures,directive_(eu)_2016_800_en.txt
qui,etre,apres le controle du trafic,directive_(eu)_2016_800_en.txt
autorites deraisonnables competentes,etre deraisonnable,sous directive,directive_(eu)_2016_800_en.txt
directif,appliquer,apres appel,directive_(eu)_2016_800_en.txt
infractions mineures,considere,reglements municipaux,directive_(eu)_2016_800_en.txt
directif,appliquer,affaires criminelles,directive_(eu)_2016_800_en.txt
17 directive,appliquer,procedure penale,directive_(eu)_2016_800_en.txt
qui,appliquer a d'autres,Mesures protectives,directive_(eu)_2016_800_en.txt
18 directive,mis en oeuvre,des directives,directive_(eu)_2016_800_en.txt
directif,prevoit plus loin,des enfants,directive_(eu)_2016_800_en.txt
19 enfants,recevoir,de la procedure,directive_(eu)_2016_800_en.txt
loin ce,donne,des autorites,directive_(eu)_2016_800_en.txt
information,depend de,de cas,directive_(eu)_2016_800_en.txt
ou mesurer,recevoir,a l'enfant,directive_(eu)_2016_800_en.txt
lettre,inclure clair,sous directive,directive_(eu)_2016_800_en.txt
22 Etats membres,informer,en cours d'ecriture,directive_(eu)_2016_800_en.txt
information,fourni,d'enfant,directive_(eu)_2016_800_en.txt
information,fourni a,autorite competente,directive_(eu)_2016_800_en.txt
avec support,est,avec un enfant,directive_(eu)_2016_800_en.txt
qui,fourni a,responsabilite parentale,directive_(eu)_2016_800_en.txt
exigence,prolonger,procedure penale,directive_(eu)_2016_800_en.txt
OMS,ont,avec directives,directive_(eu)_2016_800_en.txt
ils,assiste par,dans la directive,directive_(eu)_2016_800_en.txt
ou enfant,organiser,une telle aide,directive_(eu)_2016_800_en.txt
assurer l'enfant necessaire,fournir juridique,avocat assiste efficacement,directive_(eu)_2016_800_en.txt
enfant,presuppose,sous directive,directive_(eu)_2016_800_en.txt
telle disposition,postuler a,/ UE,directive_(eu)_2016_800_en.txt
derogations,affecter,droit syndical national,directive_(eu)_2016_800_en.txt
ils,appliquer sans exces,mis au courant,directive_(eu)_2016_800_en.txt
assistance,signifie legal,procedure penale,directive_(eu)_2016_800_en.txt
avocat,etre present,pendant l'interrogatoire,directive_(eu)_2016_800_en.txt
assistance,exiger,preuve presente acte,directive_(eu)_2016_800_en.txt
enquete,inclure,loi nationale,directive_(eu)_2016_800_en.txt
enfant suspect,ont,des droits de l'homme,directive_(eu)_2016_800_en.txt
ou enfant,rend express,procedure penale,directive_(eu)_2016_800_en.txt
il,suspendu,avec directives,directive_(eu)_2016_800_en.txt
meilleurs interets,etre capable,de cas,directive_(eu)_2016_800_en.txt
quand ils,assiste par,bien la detention,directive_(eu)_2016_800_en.txt
permettre a l'enfant,impose comme,devant le tribunal,directive_(eu)_2016_800_en.txt
Etats membres,etre capable,en ce qui concerne,directive_(eu)_2016_800_en.txt
Action immediate,etre capable,infraction penale,directive_(eu)_2016_800_en.txt
un tel questionnement,etre capable,s'incriminer,directive_(eu)_2016_800_en.txt
ce,etre possible,procedure penale,directive_(eu)_2016_800_en.txt
abus,prejudice,de defense,directive_(eu)_2016_800_en.txt
ils,ensemble,utilisation restreinte,directive_(eu)_2016_800_en.txt
derogation temporaire,etre proportionnel,de la procedure,directive_(eu)_2016_800_en.txt
pas de decision,assurer,pendant la phase d'essai,directive_(eu)_2016_800_en.txt
33 confidentialite,C est la cle,proces equitable,directive_(eu)_2016_800_en.txt
Etats membres,respect,sans derogation,directive_(eu)_2016_800_en.txt
avocat,est sans,infraction penale,directive_(eu)_2016_800_en.txt
activite criminelle,considere,de directive,directive_(eu)_2016_800_en.txt
arrangements,implique,telle respecter la confidentialite,directive_(eu)_2016_800_en.txt
autoriser les autorites competentes,est sans,entre enfants,directive_(eu)_2016_800_en.txt
a la correspondance,est,tribunal soumis competent,directive_(eu)_2016_800_en.txt
ce,est sans,autorites competentes,directive_(eu)_2016_800_en.txt
titre v,est,Securite interne,directive_(eu)_2016_800_en.txt
dans la mesure ou ils,ont,peine particuliere,directive_(eu)_2016_800_en.txt
evaluation individuelle,prendre en,comme troubles d'apprentissage,directive_(eu)_2016_800_en.txt
enfant enleve,etre possible,d'offense,directive_(eu)_2016_800_en.txt
il,utilise,passe recent,directive_(eu)_2016_800_en.txt
mesure specifique,prendre,procedure penale,directive_(eu)_2016_800_en.txt
conditions prevues,prevenir,de la procedure,directive_(eu)_2016_800_en.txt
evaluation individuelle,concernant,de mesures,directive_(eu)_2016_800_en.txt
evaluation individuelle,evalue,-,directive_(eu)_2016_800_en.txt
information,prendre,du proces,directive_(eu)_2016_800_en.txt
a condition que cela,etre possible,le meilleur est l'interet,directive_(eu)_2016_800_en.txt
evaluation individuelle,etre,telle detention disponible,directive_(eu)_2016_800_en.txt
derogation prevue,etre capable,le mieux est les interets compatibles,directive_(eu)_2016_800_en.txt
cas,pris dans,sans acte d'accusation,directive_(eu)_2016_800_en.txt
ou les enfants,sous-tend,position de faiblesse,directive_(eu)_2016_800_en.txt
enfant,ont,examen medical,directive_(eu)_2016_800_en.txt
indications sanitaires specifiques,porte,avocat pour enfants,directive_(eu)_2016_800_en.txt
ce,poser,de tels examens,directive_(eu)_2016_800_en.txt
deux demandes,adresse,de temps,directive_(eu)_2016_800_en.txt
ils,sont,qui,directive_(eu)_2016_800_en.txt
meilleurs interets,enregistre,de liberte,directive_(eu)_2016_800_en.txt
directif,exiger,par juge,directive_(eu)_2016_800_en.txt
il,etre capable,meilleurs interets compatibles,directive_(eu)_2016_800_en.txt
ce,porte,des enfants,directive_(eu)_2016_800_en.txt
quand ils,sont dans,de liberte,directive_(eu)_2016_800_en.txt
privation,entreprise,dans la societe,directive_(eu)_2016_800_en.txt
Etats membres,rendre pratique,de la garde a vue,directive_(eu)_2016_800_en.txt
delit delictuel,est sans,dans des situations,directive_(eu)_2016_800_en.txt
-,-,je,directive_(eu)_2016_800_en.txt
autorites competentes,considerer,de telles mesures,directive_(eu)_2016_800_en.txt
enfant,inclure,programmes therapeutiques,directive_(eu)_2016_800_en.txt
qui,faire l'objet,par le tribunal,directive_(eu)_2016_800_en.txt
qui,etre possible,autorite judiciaire,directive_(eu)_2016_800_en.txt
examen de l'enfant,prevoir des pratiques,tribunal d'office,directive_(eu)_2016_800_en.txt
detenus ils,beneficier d'offres speciales,mesures de protection speciales,directive_(eu)_2016_800_en.txt
il,detenu,d'enfant,directive_(eu)_2016_800_en.txt
il,etre possible,de personne,directive_(eu)_2016_800_en.txt
enfants detenus,versee a,vulnerabilite inherente,directive_(eu)_2016_800_en.txt
enfants,ont,leurs besoins,directive_(eu)_2016_800_en.txt
ce,assurer,meilleurs interets compatibles,directive_(eu)_2016_800_en.txt
ce,etre possible,meilleurs interets contraires,directive_(eu)_2016_800_en.txt
vigilance particuliere,requis sur,integrite physique,directive_(eu)_2016_800_en.txt
determiner les personnes,est,loi nationale,directive_(eu)_2016_800_en.txt
personnes,encourage,jeunes adultes qualifies,directive_(eu)_2016_800_en.txt
Etats membres detenus,prendre ce qu'il faut,dans la directive,directive_(eu)_2016_800_en.txt
de telles mesures,assurer,a la vie de famille,directive_(eu)_2016_800_en.txt
restrictions correspondantes exceptionnelles,ont,de la justice,directive_(eu)_2016_800_en.txt
52 Etats membres,prendre ce qu'il faut,d'enfant,directive_(eu)_2016_800_en.txt
Etats membres,se retenir de,d'enfant,directive_(eu)_2016_800_en.txt
Etats membres,requis,enfants,directive_(eu)_2016_800_en.txt
Etats membres appropries,prendre ce qu'il faut,de liberte,directive_(eu)_2016_800_en.txt
mesures,etre proportionne,sa duree,directive_(eu)_2016_800_en.txt
procedure,prendre en,adapte pour les adapter,directive_(eu)_2016_800_en.txt
professionnels,entraine a,s'occuper d'enfants,directive_(eu)_2016_800_en.txt
ils,traite dans,ce,directive_(eu)_2016_800_en.txt
-,-,de l'union europeenne,directive_(eu)_2016_800_en.txt
confidentialite,assure dans,dans la societe,directive_(eu)_2016_800_en.txt
tribunaux,fournir,du public,directive_(eu)_2016_800_en.txt
ce,est sans,6 chr,directive_(eu)_2016_800_en.txt
ils,ont,dans lequel,directive_(eu)_2016_800_en.txt
ce,ont,efforts raisonnables,directive_(eu)_2016_800_en.txt
personne accompagnante,poser,des audiences du tribunal,directive_(eu)_2016_800_en.txt
meilleurs interets,adresse,pris en compte pris en compte,directive_(eu)_2016_800_en.txt
enfant,ont,responsabilite parentale,directive_(eu)_2016_800_en.txt
avec support,est,activite criminelle,directive_(eu)_2016_800_en.txt
ils,ont,lors des interrogatoires de police,directive_(eu)_2016_800_en.txt
60 a droite,base sur,des droits de l'homme,directive_(eu)_2016_800_en.txt
ou ca,prendre ce qu'il faut,adulte approprie,directive_(eu)_2016_800_en.txt
Etats membres,prevoir des pratiques,au proces,directive_(eu)_2016_800_en.txt
enfant,inclure,du proces,directive_(eu)_2016_800_en.txt
quand ils,postuler a,Etat membre d'execution,directive_(eu)_2016_800_en.txt
procedure de mandat d'arret europeen,sont cruciaux,affaires criminelles,directive_(eu)_2016_800_en.txt
conformite,est essentiel,une cooperation aussi essentielle,directive_(eu)_2016_800_en.txt
delais,respecte,procedure de mandat d'arret europeen,directive_(eu)_2016_800_en.txt
OMS,prendre ce qu'il faut,aux enfants,directive_(eu)_2016_800_en.txt
OMS,prendre ce qu'il faut,impliquant des enfants,directive_(eu)_2016_800_en.txt
-,est,dans la directive,directive_(eu)_2016_800_en.txt
ces donnees,inclure,de liberte,directive_(eu)_2016_800_en.txt
-,21.5.2016,de l'union europeenne,directive_(eu)_2016_800_en.txt
Etats membres,respect,comme course,directive_(eu)_2016_800_en.txt
66 directive,soutient,de defense,directive_(eu)_2016_800_en.txt
directif,mis en oeuvre dans,avec droits,directive_(eu)_2016_800_en.txt
67 directive,pose,regles minimales,directive_(eu)_2016_800_en.txt
Etats membres,etre capable,de protection,directive_(eu)_2016_800_en.txt
regles minimales,constituer,ce,directive_(eu)_2016_800_en.txt
niveau,tomber en dessous,des droits de l'homme,directive_(eu)_2016_800_en.txt
syndicat,adopter,5 evp,directive_(eu)_2016_800_en.txt
au-dela de quoi,aller au-dela,atteindre les objectifs,directive_(eu)_2016_800_en.txt
Etats membres,prise,son application,directive_(eu)_2016_800_en.txt
Danemark,prise,son application,directive_(eu)_2016_800_en.txt
1 Etats membres,entreprise,instruments nationaux de transposition,directive_(eu)_2016_800_en.txt
OMS,considere,a la decision-cadre,directive_(eu)_2016_800_en.txt
OMS,s'applique a,procedure penale,directive_(eu)_2016_800_en.txt
suspect,s'applique jusqu'a,d'appel,directive_(eu)_2016_800_en.txt
OMS,s'applique a,avec articles,directive_(eu)_2016_800_en.txt
application,s'applique a,de personne,directive_(eu)_2016_800_en.txt
quand personne,decider,sur 21,directive_(eu)_2016_800_en.txt
OMS,s'applique a,autorite chargee de l'application de la loi,directive_(eu)_2016_800_en.txt
directif,affecter nationale,responsabilite criminelle,directive_(eu)_2016_800_en.txt
directif,postuler a,affaires criminelles,directive_(eu)_2016_800_en.txt
ou enfant,appliquer,procedure penale,directive_(eu)_2016_800_en.txt
qui,moyens,d'acces,directive_(eu)_2016_800_en.txt
personne,presume,de 18,directive_(eu)_2016_800_en.txt
-,-,aux informations,directive_(eu)_2016_800_en.txt
ils,assurer,de la procedure,directive_(eu)_2016_800_en.txt
aussi des enfants,assurer,dans la directive,directive_(eu)_2016_800_en.txt
avoir titulaire,fourni,dans l'article,directive_(eu)_2016_800_en.txt
information,assurer,loi nationale,directive_(eu)_2016_800_en.txt
lettre,assurer,sous directive,directive_(eu)_2016_800_en.txt
avoir titulaire,.,responsabilite parentale,directive_(eu)_2016_800_en.txt
enfant,assurer,de l'union europeenne,directive_(eu)_2016_800_en.txt
son identite,compromettre,procedure penale,directive_(eu)_2016_800_en.txt
autorite competente,designer,a personne,directive_(eu)_2016_800_en.txt
personne,etre,des enfants,directive_(eu)_2016_800_en.txt
4 qui,fourni a,responsabilite parentale,directive_(eu)_2016_800_en.txt
dans,affecter,droite,directive_(eu)_2016_800_en.txt
Leur permettre,assurer,de defense,directive_(eu)_2016_800_en.txt
ils,assurer,mis au courant,directive_(eu)_2016_800_en.txt
ils,assiste par,devant le tribunal,directive_(eu)_2016_800_en.txt
avocat interroge,inclure,lors d'un interrogatoire capable,directive_(eu)_2016_800_en.txt
de telles procedures,realisee en,de droit,directive_(eu)_2016_800_en.txt
personne suspecte,indique,de la criminalite,directive_(eu)_2016_800_en.txt
Etats membres,respect,sous directive,directive_(eu)_2016_800_en.txt
une telle communication,inclure,loi nationale,directive_(eu)_2016_800_en.txt
meilleurs interets,deroger a,d'offense,directive_(eu)_2016_800_en.txt
quand ils,assurer,b detention,directive_(eu)_2016_800_en.txt
permettre a l'enfant,assurer,devant le tribunal,directive_(eu)_2016_800_en.txt
ou enfant,reporter,pour enfant,directive_(eu)_2016_800_en.txt
Action immediate,deroger a,infraction penale,directive_(eu)_2016_800_en.txt
autorites competentes,assurer,en compte,directive_(eu)_2016_800_en.txt
decision,pris,une revue judiciaire,directive_(eu)_2016_800_en.txt
besoins specifiques,assurer,pris en compte pris en compte,directive_(eu)_2016_800_en.txt
OMS,evalue,procedure penale,directive_(eu)_2016_800_en.txt
enfant,prendre en,precis que,directive_(eu)_2016_800_en.txt
enfant,varier en fonction,evaluation individuelle,directive_(eu)_2016_800_en.txt
mesure specifique,servir,procedure penale,directive_(eu)_2016_800_en.txt
evaluation individuelle,porte,avant l'acte d'accusation,directive_(eu)_2016_800_en.txt
evaluation individuelle,presente fourni,devant le tribunal,directive_(eu)_2016_800_en.txt
evaluations individuelles,porte,d'enfant,directive_(eu)_2016_800_en.txt
ils,porte,dans les articles,directive_(eu)_2016_800_en.txt
evaluation individuelle,assurer,procedure penale mise a jour,directive_(eu)_2016_800_en.txt
a condition qu'il,deroger a,le mieux est les interets compatibles,directive_(eu)_2016_800_en.txt
OMS,assurer,condition d'evaluation mentale,directive_(eu)_2016_800_en.txt
examen medical,etre,possible - medecin invasif,directive_(eu)_2016_800_en.txt
resultats,pris dans,enfant contre preuve,directive_(eu)_2016_800_en.txt
indications sanitaires specifiques,porte,dans les articles,directive_(eu)_2016_800_en.txt
conclusion,Enregistre dans,en cours d'ecriture,directive_(eu)_2016_800_en.txt
Assistance medicale,fourni,-,directive_(eu)_2016_800_en.txt
ou les circonstances se sont deroulees,assurer,-,directive_(eu)_2016_800_en.txt
-,article,de questionnement,directive_(eu)_2016_800_en.txt
meilleurs interets,assurer,de liberte,directive_(eu)_2016_800_en.txt
qui,Enregistre dans,proces-verbal ecrit,directive_(eu)_2016_800_en.txt
article,etre sans,enregistrement audiovisuel,directive_(eu)_2016_800_en.txt
privation,assurer,de temps,directive_(eu)_2016_800_en.txt
compte du,indisponible,de cas,directive_(eu)_2016_800_en.txt
privation,assurer,dernier recours,directive_(eu)_2016_800_en.txt
retenue,assurer,par le tribunal,directive_(eu)_2016_800_en.txt
qui,faire l'objet,autorite judiciaire,directive_(eu)_2016_800_en.txt
les decisions,assurer,retard injustifie,directive_(eu)_2016_800_en.txt
autorites competentes,assurer,a la detention,directive_(eu)_2016_800_en.txt
-,article,de liberte,directive_(eu)_2016_800_en.txt
il,assurer,meilleurs interets,directive_(eu)_2016_800_en.txt
OMS,prevoir,avec personne,directive_(eu)_2016_800_en.txt
ce,detenu avec de jeunes,meilleurs interets contraires,directive_(eu)_2016_800_en.txt
ce,prendre ce qu'il faut,de religion,directive_(eu)_2016_800_en.txt
mesures,etre proportionne,de detention,directive_(eu)_2016_800_en.txt
points,postuler a,que la detention,directive_(eu)_2016_800_en.txt
mesures,etre proportionne,de liberte,directive_(eu)_2016_800_en.txt
ce,postuler a,de telles situations,directive_(eu)_2016_800_en.txt
ou rencontre,effort,exigences compatibles avec les enquetes,directive_(eu)_2016_800_en.txt
paragraphe,etre sans,a l'article,directive_(eu)_2016_800_en.txt
-,article,des cas,directive_(eu)_2016_800_en.txt
procedure penale,prendre,verifications necessaires,directive_(eu)_2016_800_en.txt
ils,prendre ce qu'il faut,ce,directive_(eu)_2016_800_en.txt
-,-,de la vie privee,directive_(eu)_2016_800_en.txt
confidentialite,assurer,procedure penale,directive_(eu)_2016_800_en.txt
assurer les enregistrements,prendre ce qu'il faut,dans l'article,directive_(eu)_2016_800_en.txt
. Etats membres,encourager,dans l'article,directive_(eu)_2016_800_en.txt
ils,assurer,dans lequel,directive_(eu)_2016_800_en.txt
son identite,.,procedure penale,directive_(eu)_2016_800_en.txt
autorite competente,designer,accompagner l'enfant,directive_(eu)_2016_800_en.txt
cesser enfant,ont,audiences restantes,directive_(eu)_2016_800_en.txt
b presence,assurer,procedure penale,directive_(eu)_2016_800_en.txt
-,-,en personne,directive_(eu)_2016_800_en.txt
enfants,assurer,leurs vues,directive_(eu)_2016_800_en.txt
OMS,assurer,dans la directive,directive_(eu)_2016_800_en.txt
OMS,assurer,Etat membre d'execution,directive_(eu)_2016_800_en.txt
loi nationale,assurer,19 remedes,directive_(eu)_2016_800_en.txt
OMS,assurer,sous directive,directive_(eu)_2016_800_en.txt
OMS,assurer,a l'enfant,directive_(eu)_2016_800_en.txt
OMS,prendre ce qu'il faut,formation specifique,directive_(eu)_2016_800_en.txt
de tels services,encourager,maniere impartiale fournie,directive_(eu)_2016_800_en.txt
comment les droits,envoyer,dans la directive,directive_(eu)_2016_800_en.txt
8 ils,rencontrer,assurance medicale,directive_(eu)_2016_800_en.txt
qui,interprete comme,de protection,directive_(eu)_2016_800_en.txt
Etats membres,Amener dans,11 juin,directive_(eu)_2016_800_en.txt
ils,informer,commission immediate,directive_(eu)_2016_800_en.txt
ils,contenir,publication officielle,directive_(eu)_2016_800_en.txt
methodes,pose,Etats membres,directive_(eu)_2016_800_en.txt
ils,communiquer a,directive couverte,directive_(eu)_2016_800_en.txt
Etats membres,soumettre,propositions legislatives,directive_(eu)_2016_800_en.txt
directif,entrer dans,de l'union europeenne,directive_(eu)_2016_800_en.txt
27 destinataires,adressee a,avec des traites,directive_(eu)_2016_800_en.txt
-,fait a,a strasbourg,directive_(eu)_2016_800_en.txt
-,president,pour le conseil,directive_(eu)_2016_800_en.txt
conseil de 2000,directives,affaires criminelles,directive_2010_64_eu_en.txt
reconnaissance mutuelle,Etats,droits individuels,directive_2010_64_eu_en.txt
Etats membres,presuppose,systemes de justice penale,directive_2010_64_eu_en.txt
qui,est,reconnaissance mutuelle,directive_2010_64_eu_en.txt
regle aussi,fonctionner,regles,directive_2010_64_eu_en.txt
5 articles,enchasser,proces equitable,directive_2010_64_eu_en.txt
article,garanties,de defense,directive_2010_64_eu_en.txt
directif,respects,droits,directive_2010_64_eu_en.txt
1 syndicat,ayant,de liberte,directive_2010_64_eu_en.txt
reconnaissance mutuelle,devenir,droits individuels,directive_2010_64_eu_en.txt
-,c,-,directive_2010_64_eu_en.txt
-,position de,7 octobre,directive_2010_64_eu_en.txt
autres issues,-,dans la zone,directive_2010_64_eu_en.txt
ce,montre,autres Etats membres,directive_2010_64_eu_en.txt
12 directive,se rapporte a,de feuille de route,directive_2010_64_eu_en.txt
il,pose,parmi les Etats membres,directive_2010_64_eu_en.txt
13 directive,puise dans,9 mars,directive_2010_64_eu_en.txt
OMS,inscrit dans,des droits de l'homme,directive_2010_64_eu_en.txt
directif,facilite,en pratique,directive_2010_64_eu_en.txt
but,est,proces equitable,directive_2010_64_eu_en.txt
15 droits,appliquer,pour directive,directive_2010_64_eu_en.txt
OMS,fournir,de la procedure,directive_2010_64_eu_en.txt
autorite,a,infractions mineures,directive_2010_64_eu_en.txt
qui,etre,apres le controle du trafic,directive_2010_64_eu_en.txt
autorite deraisonnable competente,etre deraisonnable,sous directive,directive_2010_64_eu_en.txt
directif,appliquer,apres appel,directive_2010_64_eu_en.txt
renforcement,a besoin,de l'echr,directive_2010_64_eu_en.txt
il,a besoin,dans l'echr,directive_2010_64_eu_en.txt
article,prevoit pour,cote de bordure,directive_2010_64_eu_en.txt
regles minimales,fait reference a,dans lequel,directive_2010_64_eu_en.txt
qui,mener a,confiance mutuelle,directive_2010_64_eu_en.txt
regles minimales communes,etablir,procedure penale,directive_2010_64_eu_en.txt
conseil de 2009,adopte,1,directive_2010_64_eu_en.txt
OMS,appeler pour,personnes soupconnees de mesure,directive_2010_64_eu_en.txt
il,accueilli,indiquer,directive_2010_64_eu_en.txt
Conseil europeen,souligne,1 jo c,directive_2010_64_eu_en.txt
-,decision,entre les Etats membres,directive_2010_64_eu_en.txt
-,26.10.2010,-,directive_2010_64_eu_en.txt
-,revue de,de l'union europeenne,directive_2010_64_eu_en.txt
OMS,assurer,de la procedure,directive_2010_64_eu_en.txt
interpretation,fourni sans,sans delai,directive_2010_64_eu_en.txt
longue periode,constituer,raisonnable dans des circonstances raisonnables,directive_2010_64_eu_en.txt
23 respect,compromis,loi nationale,directive_2010_64_eu_en.txt
autorites competentes,assurer,cas donne,directive_2010_64_eu_en.txt
personnes suspectes,ont,loi nationale,directive_2010_64_eu_en.txt
une telle decouverte,entrainer,mandat d'arret europeen,directive_2010_64_eu_en.txt
autorites competentes,etre capable,interprete competent designe,directive_2010_64_eu_en.txt
qui,sous-tend,de la justice,directive_2010_64_eu_en.txt
garantir les droits,assurer,prendre les mesures appropriees,directive_2010_64_eu_en.txt
ce,etre capable,avec equipement de visioconference,directive_2010_64_eu_en.txt
29 directive,evalue en,experience pratique,directive_2010_64_eu_en.txt
il,modifie,qui,directive_2010_64_eu_en.txt
communication,interprete en,avec directives,directive_2010_64_eu_en.txt
ce,etre capable,leur defense,directive_2010_64_eu_en.txt
communication,interprete,de la procedure,directive_2010_64_eu_en.txt
ils,assurer,d'interprete,directive_2010_64_eu_en.txt
ils,implique,d'interprete,directive_2010_64_eu_en.txt
Leur permettre,Fourni dans,de la procedure,directive_2010_64_eu_en.txt
-,je,de l'union europeenne,directive_2010_64_eu_en.txt
documents essentiels,a besoin,avec directives,directive_2010_64_eu_en.txt
certains documents,considere comme essentiel,sa liberte,directive_2010_64_eu_en.txt
autres documents,est,de la procedure,directive_2010_64_eu_en.txt
ces bases de donnees,faciliter,traducteurs juridiques,directive_2010_64_eu_en.txt
attention particuliere,versee a,27 novembre,directive_2010_64_eu_en.txt
-,traite sur,sur l'union europeenne,directive_2010_64_eu_en.txt
au-dela de quoi,aller au-dela,atteindre l'objectif,directive_2010_64_eu_en.txt
Etats membres,notifie,de directive,directive_2010_64_eu_en.txt
Danemark,prise,son application,directive_2010_64_eu_en.txt
32 directive,ensemble,regles minimales,directive_2010_64_eu_en.txt
Etats membres,etre capable,dans la directive,directive_2010_64_eu_en.txt
niveau,tomber en dessous,de l'union europeenne,directive_2010_64_eu_en.txt
ce,Inter,de l'union europeenne,directive_2010_64_eu_en.txt
syndicat,adopter,1 jo c,directive_2010_64_eu_en.txt
-,article,-,directive_2010_64_eu_en.txt
directif,pose,mandat d'arret europeen,directive_2010_64_eu_en.txt
ils,postuler a,d'appel,directive_2010_64_eu_en.txt
il,affecter nationale,procedure penale,directive_2010_64_eu_en.txt
OMS,assurer,lors des interrogatoires de police,directive_2010_64_eu_en.txt
pretation,assurer,d'appel,directive_2010_64_eu_en.txt
procedure qui,je,.,directive_2010_64_eu_en.txt
personnes soupconnees d'assurer,etre de,de defense,directive_2010_64_eu_en.txt
assurer essentiel qu'ils,assurer,de la procedure,directive_2010_64_eu_en.txt
documents essentiels,inclure,sa liberte,directive_2010_64_eu_en.txt
droite,comprend approprie,troubles auditifs,directive_2010_64_eu_en.txt
se plaindre de la qualite,assurer,de la procedure,directive_2010_64_eu_en.txt
presence physique,utilise,de la procedure,directive_2010_64_eu_en.txt
autorites competentes,assurer,tel 3,directive_2010_64_eu_en.txt
autre document,decider,cas donne,directive_2010_64_eu_en.txt
personnes suspectes,soumettre,effectuer,directive_2010_64_eu_en.txt
qui,etre,contre eux,directive_2010_64_eu_en.txt
il,.,de l'union europeenne,directive_2010_64_eu_en.txt
traduction orale,fourni,de la procedure,directive_2010_64_eu_en.txt
renoncer,faire l'objet,de renonciation,directive_2010_64_eu_en.txt
Etats membres,rencontrer,de la procedure,directive_2010_64_eu_en.txt
assurer l'interpretation,article,sous l'article,directive_2010_64_eu_en.txt
OMS,effort,traducteurs independants,directive_2010_64_eu_en.txt
tel registre,mise a disposition,conseiller juridique,directive_2010_64_eu_en.txt
interpretes,assurer,sous directive,directive_2010_64_eu_en.txt
Etats membres,demande,communication efficace,directive_2010_64_eu_en.txt
2 Etats membres,transmettre,commissionner,directive_2010_64_eu_en.txt
ils,contenir,publication officielle,directive_2010_64_eu_en.txt
methodes,pose,Etats membres,directive_2010_64_eu_en.txt
Etats membres,soumettre,propositions legislatives,directive_2010_64_eu_en.txt
directif,entrer dans,de l'union europeenne,directive_2010_64_eu_en.txt
Article 280/7,-,Directive 12 destinataires,directive_2010_64_eu_en.txt
-,adressee a,avec des traites,directive_2010_64_eu_en.txt
-,fait a,a strasbourg,directive_2010_64_eu_en.txt
-,president pour,pour le conseil,directive_2010_64_eu_en.txt
fr journal officiel,directives,droits individuels,directive_2012_13_eu_en.txt
Etats membres,presuppose,systemes de justice penale,directive_2012_13_eu_en.txt
qui,est,reconnaissance mutuelle,directive_2012_13_eu_en.txt
regle aussi,fonctionner,regles,directive_2012_13_eu_en.txt
-,article,des droits de l'homme,directive_2012_13_eu_en.txt
-,enchasser,proces equitable,directive_2012_13_eu_en.txt
article,garanties,de defense,directive_2012_13_eu_en.txt
conseil de 2000,adopte,affaires criminelles,directive_2012_13_eu_en.txt
article sur la reconnaissance mutuelle,Etats,de personne,directive_2012_13_eu_en.txt
restrictions,depasser,des droits de l'homme,directive_2012_13_eu_en.txt
ce,montre,autres Etats membres,directive_2012_13_eu_en.txt
-,c,-,directive_2012_13_eu_en.txt
-,position de,26 avril,directive_2012_13_eu_en.txt
8) renforcement,necessite des details,echr,directive_2012_13_eu_en.txt
2 union,ensemble,de liberte,directive_2012_13_eu_en.txt
du traite,devenir,cote de bordure,directive_2012_13_eu_en.txt
regles minimales,fait reference a,dans lequel,directive_2012_13_eu_en.txt
qui,mener a,confiance mutuelle,directive_2012_13_eu_en.txt
regles minimales communes,etablir,procedure penale,directive_2012_13_eu_en.txt
conseil de 2009,.,ci-apres feuille de route,directive_2012_13_eu_en.txt
accuse qui,appeler pour,pour les suspects de mesure,directive_2012_13_eu_en.txt
donc indicatif,souligne,avec des priorites,directive_2012_13_eu_en.txt
ses avantages,ressenti pleinement,comme concu ensemble,directive_2012_13_eu_en.txt
il,accueilli,au service des citoyens,directive_2012_13_eu_en.txt
autres issues,souligne,dans la zone,directive_2012_13_eu_en.txt
premiere mesure,etait,procedure penale,directive_2012_13_eu_en.txt
14 directive,se rapporte a,de feuille de route,directive_2012_13_eu_en.txt
applique,pose,parmi les Etats membres,directive_2012_13_eu_en.txt
-,je,-,directive_2012_13_eu_en.txt
directive du 1.6.2012,se contruit sur,des droits de l'homme,directive_2012_13_eu_en.txt
accusation a terme,utilise,6(1 chr,directive_2012_13_eu_en.txt
il,annonce,en 2010,directive_2012_13_eu_en.txt
16 directive,postuler a,statut legal,directive_2012_13_eu_en.txt
autorite,a,infractions mineures,directive_2012_13_eu_en.txt
qui,etre,apres le controle du trafic,directive_2012_13_eu_en.txt
autorite deraisonnable competente,etre deraisonnable,sous directive,directive_2012_13_eu_en.txt
directif,appliquer,apres appel,directive_2012_13_eu_en.txt
qui,etabli par,directive explicite,directive_2012_13_eu_en.txt
qui,informer,pour directive,directive_2012_13_eu_en.txt
information,fourni,autorite competente,directive_2012_13_eu_en.txt
20 directives,pose,des suspects,directive_2012_13_eu_en.txt
ce,est sans,tribunaux de l'Union competents,directive_2012_13_eu_en.txt
autorites competentes,requis,de la procedure,directive_2012_13_eu_en.txt
circonstances particulieres,reiterer,loi nationale,directive_2012_13_eu_en.txt
suspects,compris,des droits de l'homme,directive_2012_13_eu_en.txt
informations arretees,donne par,comprendre leurs droits de comprehension,directive_2012_13_eu_en.txt
lettre,fourni,procedure penale,directive_2012_13_eu_en.txt
ce droit,inclure de base,loi nationale,directive_2012_13_eu_en.txt
modele,Fourni dans,a l'annexe,directive_2012_13_eu_en.txt
egalement les mesures de la feuille de route,est indicatif,en vigueur,directive_2012_13_eu_en.txt
ce,inclure d'autres,dans les Etats membres,directive_2012_13_eu_en.txt
-,23,-,directive_2012_13_eu_en.txt
ils,donne,enquetes en cours,directive_2012_13_eu_en.txt
quand descriptif,donne en quantite suffisante,de defense,directive_2012_13_eu_en.txt
affecte cela,communique a,de defense,directive_2012_13_eu_en.txt
autorite judiciaire,mise a disposition,d'arrestation,directive_2012_13_eu_en.txt
qui,inclure,en tant que documents,directive_2012_13_eu_en.txt
de tels materiaux,contenu dans,loi nationale,directive_2012_13_eu_en.txt
ou le refus,refuse,interet public necessaire,directive_2012_13_eu_en.txt
refus,pese contre,procedure penale,directive_2012_13_eu_en.txt
avoir personne,sont,loi nationale,directive_2012_13_eu_en.txt
exercer,prejudice,procedure penale,directive_2012_13_eu_en.txt
24 directives,est sans,dans les centres de detention,directive_2012_13_eu_en.txt
ils,assurer,/ UE,directive_2012_13_eu_en.txt
OMS,payer en particulier,de leur jeunesse,directive_2012_13_eu_en.txt
27 personnes,donne,entre les Etats membres,directive_2012_13_eu_en.txt
-,avec,des droits de l'homme,directive_2012_13_eu_en.txt
33 a droite,etre sans,temoins proteges,directive_2012_13_eu_en.txt
documents payants,fourni gratuitement,leur avocat,directive_2012_13_eu_en.txt
autorites competentes,prendre,fardeau administratif,directive_2012_13_eu_en.txt
36 suspects,ont,avec directives,directive_2012_13_eu_en.txt
un tel echec,entrainer,en plainte qui,directive_2012_13_eu_en.txt
Etats membres,fournir,dans les Etats membres,directive_2012_13_eu_en.txt
38 Etats membres,entreprendre,avec directives,directive_2012_13_eu_en.txt
mise en oeuvre pratique,atteint par differents,droit procedural,directive_2012_13_eu_en.txt
39 a droite,ensembles,directives regles minimales,directive_2012_13_eu_en.txt
Etats membres,etendre,dans la directive,directive_2012_13_eu_en.txt
niveau,tomber en dessous,des droits de l'homme,directive_2012_13_eu_en.txt
41 directive,respecte les fondamentaux,charte reconnue,directive_2012_13_eu_en.txt
directive particuliere,cherche,de defense,directive_2012_13_eu_en.txt
il,mis en oeuvre,-,directive_2012_13_eu_en.txt
ce,interprete,des droits de l'homme,directive_2012_13_eu_en.txt
syndicat,adopter,sur l'union europeenne,directive_2012_13_eu_en.txt
au-dela de quoi,aller au-dela,atteindre l'objectif,directive_2012_13_eu_en.txt
Etats membres,notifie,de directive,directive_2012_13_eu_en.txt
Danemark,prise,son application,directive_2012_13_eu_en.txt
1.6.2012 journal officiel,adopte,directif,directive_2012_13_eu_en.txt
directif,pose,contre eux,directive_2012_13_eu_en.txt
il,pose,leurs droits,directive_2012_13_eu_en.txt
personne suspecte,s'applique a partir de,d'appel,directive_2012_13_eu_en.txt
-,je,des droits,directive_2012_13_eu_en.txt
qu'ils,donne,de liberte,directive_2012_13_eu_en.txt
suspects,contenir,autorite judiciaire,directive_2012_13_eu_en.txt
lettre,contenir de base,liberation provisoire,directive_2012_13_eu_en.txt
lettre,redige en simple,langage simplifie,directive_2012_13_eu_en.txt
modele de lettre indicative,ensemble,sur les droits,directive_2012_13_eu_en.txt
autoriser les droits,assurer,a l'interpretation,directive_2012_13_eu_en.txt
information,assurer,suspects vulnerables,directive_2012_13_eu_en.txt
accuse qui,assurer,a l'arrestation,directive_2012_13_eu_en.txt
ils,assurer,ce,directive_2012_13_eu_en.txt
ils,informe de,ce,directive_2012_13_eu_en.txt
ils,donne,retard injustifie,directive_2012_13_eu_en.txt
-,lettre de,procedure de mandat d'arret europeen,directive_2012_13_eu_en.txt
OMS,assurer,Etat membre d'execution,directive_2012_13_eu_en.txt
. lettre,redige en simple,langage simplifie,directive_2012_13_eu_en.txt
modele de lettre indicative,ensemble,a l'annexe,directive_2012_13_eu_en.txt
ils,assurer,acte criminel,directive_2012_13_eu_en.txt
information,fourni,de defense,directive_2012_13_eu_en.txt
-,-,de l'union europeenne,directive_2012_13_eu_en.txt
des informations detaillees,assurer,personne accusee,directive_2012_13_eu_en.txt
ou ce,assurer,de la procedure,directive_2012_13_eu_en.txt
-,article,de cas,directive_2012_13_eu_en.txt
qui,assurer,leurs avocats,directive_2012_13_eu_en.txt
acces,assurer,la defense,directive_2012_13_eu_en.txt
1 acces,accorde en temps voulu,de cour,directive_2012_13_eu_en.txt
permettez-ceci,accorde,le temps imparti,directive_2012_13_eu_en.txt
procedure penale,refuse,dans lequel,directive_2012_13_eu_en.txt
decision,assurer,examen judiciaire du sujet,directive_2012_13_eu_en.txt
5 acces,fourni gratuitement,frais,directive_2012_13_eu_en.txt
ce,assurer,de l'Etat membre,directive_2012_13_eu_en.txt
suspects,article,avec directives,directive_2012_13_eu_en.txt
Etats membres,demande,de directive,directive_2012_13_eu_en.txt
qui,interprete comme,de protection,directive_2012_13_eu_en.txt
1 Etats membres,.,2 juin,directive_2012_13_eu_en.txt
2 Etats membres,transmettre,commissionner,directive_2012_13_eu_en.txt
ils,contenir,publication officielle,directive_2012_13_eu_en.txt
methodes,pose,Etats membres,directive_2012_13_eu_en.txt
Etats membres,soumettre,propositions legislatives,directive_2012_13_eu_en.txt
directif,entrer dans,de l'union europeenne,directive_2012_13_eu_en.txt
Article 142/7,-,de l'union europeenne,directive_2012_13_eu_en.txt
directif,adressee a,avec des traites,directive_2012_13_eu_en.txt
-,fait a,a strasbourg,directive_2012_13_eu_en.txt
-,president,pour le parlement europeen,directive_2012_13_eu_en.txt
-,president,-,directive_2012_13_eu_en.txt
-,-,des droits de modele,directive_2012_13_eu_en.txt
seul but,est,niveau national,directive_2012_13_eu_en.txt
Etats membres,bondir,pas modele,directive_2012_13_eu_en.txt
Etats membres,modifier,informations utiles,directive_2012_13_eu_en.txt
lettre aux Etats membres,donne sur,lors de l'arrestation,directive_2012_13_eu_en.txt
ce,prevenir,procedure penale,directive_2012_13_eu_en.txt
toi,ont,a l'avocat,directive_2012_13_eu_en.txt
avocat,est independant,independant de la police independante,directive_2012_13_eu_en.txt
police,aider,toi,directive_2012_13_eu_en.txt
assistance,sois libre,gratuit gratuitement,directive_2012_13_eu_en.txt
-,demander,Plus d'information,directive_2012_13_eu_en.txt
vous a arrete,ont,droite,directive_2012_13_eu_en.txt
tu es competent,ont,frais,directive_2012_13_eu_en.txt
toi,aider,confidentiel,directive_2012_13_eu_en.txt
toi,ont,en garde a vue,directive_2012_13_eu_en.txt
toi,livre avec,traduction orale,directive_2012_13_eu_en.txt
tu es competent,ont,infraction alleguee,directive_2012_13_eu_en.txt
toi,aider,decider de decider que,directive_2012_13_eu_en.txt
toi,ont,defier l'arrestation,directive_2012_13_eu_en.txt
toi,ont,pour toi,directive_2012_13_eu_en.txt
-,delation,votre consulat,directive_2012_13_eu_en.txt
veux quelqu'un,dire,Par exemple,directive_2012_13_eu_en.txt
droite,limite,votre detention,directive_2012_13_eu_en.txt
police,informer,de cela,directive_2012_13_eu_en.txt
autorisation consulaire de vouloir,dire,votre detention informee,directive_2012_13_eu_en.txt
toi,dire,autorite consulaire,directive_2012_13_eu_en.txt
vous a arrete,ont,Assistance medicale,directive_2012_13_eu_en.txt
te connais,laisser,une telle aide,directive_2012_13_eu_en.txt
-,-,de liberte,directive_2012_13_eu_en.txt
toi,prive de,heures jours,directive_2012_13_eu_en.txt
OMS,libere,nouvelle detention,directive_2012_13_eu_en.txt
-,demander,liberation provisoire,directive_2012_13_eu_en.txt
-,-,du mandat d'arret europeen,directive_2012_13_eu_en.txt
toi,arrete le,du mandat d'arret europeen,directive_2012_13_eu_en.txt
toi,ont,dont,directive_2012_13_eu_en.txt
toi,ont,en langue,directive_2012_13_eu_en.txt
toi,consentement,te chercher,directive_2012_13_eu_en.txt
votre consentement,vitesse,procedure,directive_2012_13_eu_en.txt
il,etre difficile,stade ulterieur,directive_2012_13_eu_en.txt
toi,ont,autorite judiciaire,directive_2012_13_eu_en.txt
approximation necessaire,faciliter,droits individuels,directive_2013_48_eu_en.txt
cooperation judiciaire,base sur,des jugements,directive_2013_48_eu_en.txt
Etats membres,presuppose,systemes de justice penale,directive_2013_48_eu_en.txt
qui,est,reconnaissance mutuelle,directive_2013_48_eu_en.txt
ce,montre,autres Etats membres,directive_2013_48_eu_en.txt
regle aussi,fonctionner,regles,directive_2013_48_eu_en.txt
renforcement,necessite des details,de la charte,directive_2013_48_eu_en.txt
il,a besoin,echr,directive_2013_48_eu_en.txt
2 articles,enchasser,proces equitable,directive_2013_48_eu_en.txt
article,garanties,de defense,directive_2013_48_eu_en.txt
syndicat,ensemble,de liberte,directive_2013_48_eu_en.txt
dont le principe,devenir,reconnaissance mutuelle,directive_2013_48_eu_en.txt
fr journal officiel,prevoit pour,cote de bordure,directive_2013_48_eu_en.txt
regles minimales,fait reference a,dans lequel,directive_2013_48_eu_en.txt
qui,mener a,en union,directive_2013_48_eu_en.txt
regles minimales,retirer,des Etats membres,directive_2013_48_eu_en.txt
tierce personne,etabli en,de liberte,directive_2013_48_eu_en.txt
conseil de 2009,adopte,feuille de route,directive_2013_48_eu_en.txt
accuse qui,appels pour,pour les suspects de mesure,directive_2013_48_eu_en.txt
donc indicatif,souligne,avec des priorites,directive_2013_48_eu_en.txt
ses avantages,ressenti dans,comme concu ensemble,directive_2013_48_eu_en.txt
il,accueilli,au service des citoyens,directive_2013_48_eu_en.txt
autres issues,souligne,dans la zone,directive_2013_48_eu_en.txt
deux mesures,adopte en vertu,procedure penale,directive_2013_48_eu_en.txt
tiers du mandat d'arret,pose,de liberte,directive_2013_48_eu_en.txt
qui,favorise,a l'avocat,directive_2013_48_eu_en.txt
necessite un suspect,fournit,assistance legale,directive_2013_48_eu_en.txt
avocats,etre capable,de defense,directive_2013_48_eu_en.txt
qui,considere,de directive,directive_2013_48_eu_en.txt
accuse qui,mis en oeuvre,a l'avocat,directive_2013_48_eu_en.txt
OMS,fait reference a,aux suspects,directive_2013_48_eu_en.txt
autorite,a,infractions mineures,directive_2013_48_eu_en.txt
qui,etre,apres le controle du trafic,directive_2013_48_eu_en.txt
les autorites,assurer,sous directive,directive_2013_48_eu_en.txt
directif,appliquer,apres appel,directive_2013_48_eu_en.txt
infractions mineures,considere,reglements municipaux,directive_2013_48_eu_en.txt
autorites deraisonnables competentes,etre deraisonnable,sous directive,directive_2013_48_eu_en.txt
directif,appliquer,affaires criminelles,directive_2013_48_eu_en.txt
18 portee,affecter,de l'avocat,directive_2013_48_eu_en.txt
suspects,assurer,avec directives,directive_2013_48_eu_en.txt
ils,accorde,droit renonce,directive_2013_48_eu_en.txt
personne suspecte,inclure preliminaire,controles aleatoires,directive_2013_48_eu_en.txt
personne suspecte,protege contre,des droits de l'homme,directive_2013_48_eu_en.txt
ou personne,rend express,procedure penale,directive_2013_48_eu_en.txt
294/3 interrogatoire,suspendu,personne suspecte,directive_2013_48_eu_en.txt
il,a continue,dans la directive,directive_2013_48_eu_en.txt
22 suspects,ont,les representer,directive_2013_48_eu_en.txt
Etats membres,rendre pratique,de cas,directive_2013_48_eu_en.txt
ou rencontre,rendre pratique,en place,directive_2013_48_eu_en.txt
dispositions pratiques,prejudice,leur avocat,directive_2013_48_eu_en.txt
23 suspects,ont,les representer,directive_2013_48_eu_en.txt
une telle communication,prendre,rencontrer un avocat,directive_2013_48_eu_en.txt
ces communications communications,rendre pratique,prend place,directive_2013_48_eu_en.txt
directif,prevenir,par telephone,directive_2013_48_eu_en.txt
personne suspecte,limite a,autorite chargee de l'application de la loi,directive_2013_48_eu_en.txt
"lorsqu'ils sont presents, ils",assurer,lors des audiences du tribunal,directive_2013_48_eu_en.txt
de telles procedures,etre dans,de droit,directive_2013_48_eu_en.txt
personne suspecte,organiser,a partir duquel,directive_2013_48_eu_en.txt
de telles dispositions,inclure,l'aide juridique,directive_2013_48_eu_en.txt
qui,.,loi nationale,directive_2013_48_eu_en.txt
-,26,-,directive_2013_48_eu_en.txt
pour l'instant suspects,ont,loi nationale,directive_2013_48_eu_en.txt
crime,inclure,personne suspecte,directive_2013_48_eu_en.txt
Etats membres,rendre pratique,actes de preuve,directive_2013_48_eu_en.txt
dispositions pratiques,prejudice,des droits,directive_2013_48_eu_en.txt
ce,indique,de l'Etat membre,directive_2013_48_eu_en.txt
ce,effort,par des suspects,directive_2013_48_eu_en.txt
ils,besoin,avocat arrange,directive_2013_48_eu_en.txt
suspect,etre capable,avocat librement capable,directive_2013_48_eu_en.txt
ils,faire,droit renonce,directive_2013_48_eu_en.txt
suspects,impliquer,des droits de l'homme,directive_2013_48_eu_en.txt
personne,etre capable,de liberte,directive_2013_48_eu_en.txt
Etats membres,permis,de liberte,directive_2013_48_eu_en.txt
autorites competentes,question,dans la directive,directive_2013_48_eu_en.txt
video ceci,organiser,par telephone,directive_2013_48_eu_en.txt
31 Etats membres,permis,de personne,directive_2013_48_eu_en.txt
un tel questionnement,question,contre l'auto-incrimination,directive_2013_48_eu_en.txt
ce,porte,de personne,directive_2013_48_eu_en.txt
abus,prejudice,de defense,directive_2013_48_eu_en.txt
-,6.11.2013,-,directive_2013_48_eu_en.txt
Action immediate,permis,avec temoins,directive_2013_48_eu_en.txt
un tel questionnement,question,contre l'auto-incrimination,directive_2013_48_eu_en.txt
ce,porte,procedure penale,directive_2013_48_eu_en.txt
confidentialite,C est la cle,proces equitable,directive_2013_48_eu_en.txt
Etats membres,respect,sans derogation,directive_2013_48_eu_en.txt
avocat,est sans,infraction penale,directive_2013_48_eu_en.txt
activite criminelle,considere,de directive,directive_2013_48_eu_en.txt
arrangements,implique,respecter la confidentialite,directive_2013_48_eu_en.txt
autoriser les autorites competentes,est sans,entre suspects,directive_2013_48_eu_en.txt
a la correspondance,est,tribunal soumis competent,directive_2013_48_eu_en.txt
qui,etre sans,autorites competentes,directive_2013_48_eu_en.txt
titre v,etre sans,Securite interne,directive_2013_48_eu_en.txt
a condition que cela,ont,contre personne,directive_2013_48_eu_en.txt
Etats membres,rendre pratique,de droit,directive_2013_48_eu_en.txt
dispositions pratiques,prejudice,de droit,directive_2013_48_eu_en.txt
quand cela,etre possible,dans la directive,directive_2013_48_eu_en.txt
a la troisieme personne,considerer,de liberte,directive_2013_48_eu_en.txt
36 suspects,ont,les a nommes,directive_2013_48_eu_en.txt
Etats membres,limite,exigences imperatives,directive_2013_48_eu_en.txt
de telles exigences,inclure,de la criminalite,directive_2013_48_eu_en.txt
premiers suspects,considerer,les a nommes,directive_2013_48_eu_en.txt
avocat,rendre pratique,declarations,directive_2013_48_eu_en.txt
avocat,indique,de l'Etat membre,directive_2013_48_eu_en.txt
ou il,inscrit dans,leurs ressortissants,directive_2013_48_eu_en.txt
accuse qui,confere,leurs souhaits,directive_2013_48_eu_en.txt
ces autorites,exerce par la diplomatie,autorites consulaires,directive_2013_48_eu_en.txt
personnes demandees,ont,Etat membre d'execution,directive_2013_48_eu_en.txt
ou rencontre,rendre pratique,entre avocat,directive_2013_48_eu_en.txt
une telle communication,etre possible,avec avocat,directive_2013_48_eu_en.txt
de telles communications,rendre pratique,prend place,directive_2013_48_eu_en.txt
de telles dispositions,regie par des,loi nationale,directive_2013_48_eu_en.txt
personnes demandees,impliquer,a partir duquel,directive_2013_48_eu_en.txt
ils,ensemble,derogations temporaires,directive_2013_48_eu_en.txt
derogations temporaires,etre proportionnel,de la procedure,directive_2013_48_eu_en.txt
pas de decision,assurer,pendant la phase d'essai,directive_2013_48_eu_en.txt
a condition qu'ils,etre capable,de renoncer au droit,directive_2013_48_eu_en.txt
conditions particulieres,pris dans,leur age,directive_2013_48_eu_en.txt
il,indique,de l'Etat membre,directive_2013_48_eu_en.txt
Etats membres,mener a,fardeau administratif,directive_2013_48_eu_en.txt
quand c'est bon,etre necessaire,pendant la periode,directive_2013_48_eu_en.txt
-,personnes assujetties,mandat d'arret europeen,directive_2013_48_eu_en.txt
Leur permettre,ont,au titre de la decision-cadre,directive_2013_48_eu_en.txt
ou avocat,information,dans un Etat membre,directive_2013_48_eu_en.txt
OMS,inclure,cas de mandat d'arret europeen,directive_2013_48_eu_en.txt
association du barreau appropriee,demande,tirage au sort,directive_2013_48_eu_en.txt
-,47,-,directive_2013_48_eu_en.txt
procedure de remise,est crucial,entre les Etats membres,directive_2013_48_eu_en.txt
observance,est essentiel,une cooperation aussi essentielle,directive_2013_48_eu_en.txt
delais,respecte,procedure de mandat d'arret europeen,directive_2013_48_eu_en.txt
accuse qui,sous-tend,de la justice,directive_2013_48_eu_en.txt
garantir les droits,faciliter,prendre les mesures appropriees,directive_2013_48_eu_en.txt
52 directive,soutient,de defense,directive_2013_48_eu_en.txt
directif,mis en oeuvre dans,avec droits,directive_2013_48_eu_en.txt
ou ils,assurer,des droits de l'homme,directive_2013_48_eu_en.txt
54 directive,ensembles,regles minimales,directive_2013_48_eu_en.txt
Etats membres,etendre,de protection,directive_2013_48_eu_en.txt
regles minimales,constituer,ce,directive_2013_48_eu_en.txt
niveau,tomber en dessous,des droits de l'homme,directive_2013_48_eu_en.txt
directif,favorise,donne des enfants,directive_2013_48_eu_en.txt
une telle renonciation,assure,sous directive,directive_2013_48_eu_en.txt
est titulaire,notifie,avec des raisons,directive_2013_48_eu_en.txt
adulte convenable,informe,comme relatif,directive_2013_48_eu_en.txt
ce,etre sans,aux dispositions,directive_2013_48_eu_en.txt
qui,appliquer,des droits de l'homme,directive_2013_48_eu_en.txt
ce,mettre dedans,directif,directive_2013_48_eu_en.txt
droits,assurer,de la procedure,directive_2013_48_eu_en.txt
declarations prejudiciables incriminantes,devait,pour condamnation,directive_2013_48_eu_en.txt
ou l'acces,etre sans,crime grave,directive_2013_48_eu_en.txt
preuves existantes,etre sans,une telle preuve,directive_2013_48_eu_en.txt
ceux qui,-,d'enfant,directive_2013_48_eu_en.txt
sont qui,se retenir de,circonstances,directive_2013_48_eu_en.txt
enfant applique,detenu au secret,des enfants,directive_2013_48_eu_en.txt
-,56,-,directive_2013_48_eu_en.txt
1 Etats membres,entreprise,instruments nationaux de transposition,directive_2013_48_eu_en.txt
transmission,considere,de tels documents,directive_2013_48_eu_en.txt
syndicat,adopter,5 evp,directive_2013_48_eu_en.txt
au-dela de quoi,aller au-dela,atteindre les objectifs,directive_2013_48_eu_en.txt
Etats membres,prise,son application,directive_2013_48_eu_en.txt
Danemark,prise,son application,directive_2013_48_eu_en.txt
-,adopte,directif,directive_2013_48_eu_en.txt
tierce personne,pose,de liberte,directive_2013_48_eu_en.txt
d'eux,s'applique a,prive de liberte,directive_2013_48_eu_en.txt
personne suspecte,s'applique jusqu'a,d'appel,directive_2013_48_eu_en.txt
directif,s'applique a,avec articles,directive_2013_48_eu_en.txt
accuse qui,s'applique,autorite chargee de l'application de la loi,directive_2013_48_eu_en.txt
directif,postuler a,affaires criminelles,directive_2013_48_eu_en.txt
-,-,de l'union europeenne,directive_2013_48_eu_en.txt
personne suspecte,appliquer,procedure penale,directive_2013_48_eu_en.txt
-,article,de la criminalite,directive_2013_48_eu_en.txt
permettre aux personnes,assurer,de defense,directive_2013_48_eu_en.txt
informations generales,effort,par des suspects,directive_2013_48_eu_en.txt
2 suspects,ont,retard injustifie,directive_2013_48_eu_en.txt
ils,3,devant le tribunal,directive_2013_48_eu_en.txt
leur avocat,entrainer,l'accuse a le droit,directive_2013_48_eu_en.txt
personne suspecte,assurer,loi,directive_2013_48_eu_en.txt
le fait,deroger a,de liberte,directive_2013_48_eu_en.txt
Action immediate,deroger a,procedure penale,directive_2013_48_eu_en.txt
confidentialite etats membres,respect,sous directive,directive_2013_48_eu_en.txt
une telle communication,inclure,loi nationale,directive_2013_48_eu_en.txt
a la troisieme personne,article,de liberte,directive_2013_48_eu_en.txt
ils,assurer,retard injustifie,directive_2013_48_eu_en.txt
cas approprie adulte,assurer,d'enfant,directive_2013_48_eu_en.txt
personne,considere,18 ans,directive_2013_48_eu_en.txt
. Etats membres,cation de,raisons imperieuses,directive_2013_48_eu_en.txt
2 suspects,ont,des suspects,directive_2013_48_eu_en.txt
droits,reglemente par la legislation nationale,Pour qui,directive_2013_48_eu_en.txt
procedure penale,est,prevenir est une situation necessaire,directive_2013_48_eu_en.txt
autorite,assurer,d'enfant,directive_2013_48_eu_en.txt
-,base,de la procedure,directive_2013_48_eu_en.txt
-,article,tiers,directive_2013_48_eu_en.txt
accuse qui,assurer,les a nommes,directive_2013_48_eu_en.txt
decision,autorise,une revue judiciaire,directive_2013_48_eu_en.txt
decision motivee,enregistre,de l'Etat membre,directive_2013_48_eu_en.txt
. Etats membres,limite,exigences imperatives,directive_2013_48_eu_en.txt
decision,.,une revue judiciaire,directive_2013_48_eu_en.txt
-,article,autorites consulaires,directive_2013_48_eu_en.txt
ils,assurer,avec les autorites,directive_2013_48_eu_en.txt
ils,choisir,avec qui,directive_2013_48_eu_en.txt
b renonciation,assurer,de l'union europeenne,directive_2013_48_eu_en.txt
renoncer,indique,de l'Etat membre,directive_2013_48_eu_en.txt
ils,assurer,sur la possibilite,directive_2013_48_eu_en.txt
il,ont,des l'instant,directive_2013_48_eu_en.txt
-,je,Etat membre emetteur,directive_2013_48_eu_en.txt
autorite competente,fournir,en designant un avocat,directive_2013_48_eu_en.txt
personne,est sans,au titre de la decision-cadre,directive_2013_48_eu_en.txt
-,article,procedure de mandat d'arret europeen,directive_2013_48_eu_en.txt
qui,est sans,avec charte,directive_2013_48_eu_en.txt
personne demandee,assurer,mandat d'arret europeen,directive_2013_48_eu_en.txt
leur avocat,ont,autorite judiciaire,directive_2013_48_eu_en.txt
derogation temporaire,droits,Etat membre d'execution,directive_2013_48_eu_en.txt
ils,informer,Etat membre emetteur,directive_2013_48_eu_en.txt
role,est,au titre de la decision-cadre,directive_2013_48_eu_en.txt
suspects,assurer,sous directive,directive_2013_48_eu_en.txt
3(6 droits,assurer,de la procedure,directive_2013_48_eu_en.txt
besoins particuliers,assurer,de directive,directive_2013_48_eu_en.txt
-,clause,-,directive_2013_48_eu_en.txt
qui,interprete comme,de protection,directive_2013_48_eu_en.txt
autorite competente,informer,competent 1,directive_2013_48_eu_en.txt
Etats membres,Amener dans,27 novembre,directive_2013_48_eu_en.txt
ils,informer,commission immediate,directive_2013_48_eu_en.txt
ils,contenir,publication officielle,directive_2013_48_eu_en.txt
methodes,pose,Etats membres,directive_2013_48_eu_en.txt
ils,communiquer a,directive couverte,directive_2013_48_eu_en.txt
Etats membres,soumettre,propositions legislatives,directive_2013_48_eu_en.txt
directif,entrer dans,de l'union europeenne,directive_2013_48_eu_en.txt
18 destinataires,adressee a,avec des traites,directive_2013_48_eu_en.txt
-,fait a,a strasbourg,directive_2013_48_eu_en.txt
-,president pour,pour le conseil,directive_2013_48_eu_en.txt
