de_Subject,de_Predicate,de_Object,Triple_ID
WHO,Richtlinien,zum Rahmenbeschluss des Rates,directive_(eu)_2016_1919_en.txt
angeforderte Weisung,Ziele,Strafsachen,directive_(eu)_2016_1919_en.txt
dritter Absatz,verankern,in Ruckstellungen,directive_(eu)_2016_1919_en.txt
Mitgliedsstaaten,hat,zu echr,directive_(eu)_2016_1919_en.txt
Das,gezeigt,andere Mitgliedsstaaten,directive_(eu)_2016_1919_en.txt
-,C,-,directive_(eu)_2016_1919_en.txt
-,Position von,13. Ratstag,directive_(eu)_2016_1919_en.txt
dritte Seite,Richtlinie,der Freiheit,directive_(eu)_2016_1919_en.txt
-,Entscheidung,zwischen den Mitgliedsstaaten,directive_(eu)_2016_1919_en.txt
-,-,der Europaischen Union,directive_(eu)_2016_1919_en.txt
Rat 2009,angenommen,1 Roadmap,directive_(eu)_2016_1919_en.txt
Angeklagter wer,fordert,fur Massnahmenverdachtige,directive_(eu)_2016_1919_en.txt
Es,begrusst,im Dienste der Burger,directive_(eu)_2016_1919_en.txt
andere Probleme,unterstrichen,im Bereich,directive_(eu)_2016_1919_en.txt
funf Massnahmen,angenommen gem,Rat,directive_(eu)_2016_1919_en.txt
7 Richtlinie,bezieht sich auf,Rechtshilfe,directive_(eu)_2016_1919_en.txt
Rechtshilfe,Abdeckung,von Verdachtigen,directive_(eu)_2016_1919_en.txt
fahige Verdachtige,in der Lage sein,finanzielle Resourcen,directive_(eu)_2016_1919_en.txt
wo Mitgliedsstaaten,anwenden,eine solche Ausnahmeregelung,directive_(eu)_2016_1919_en.txt
beschuldigte Person,haben,der Menschenrechte,directive_(eu)_2016_1919_en.txt
wo Person,macht Express,Strafverfahren,directive_(eu)_2016_1919_en.txt
Befragung des Angeklagten,ausgesetzt,als verdachtig,directive_(eu)_2016_1919_en.txt
Angeklagter wird zur Person,moglich sein,in der Richtlinie,directive_(eu)_2016_1919_en.txt
Behorde,hat,geringe Vergehen,directive_(eu)_2016_1919_en.txt
welche,Sei,nach der Verkehrskontrolle,directive_(eu)_2016_1919_en.txt
zustandige unvernunftige Behorden,unvernunftig sein,unter Weisung,directive_(eu)_2016_1919_en.txt
Richtlinie,anwenden,nach Berufung,directive_(eu)_2016_1919_en.txt
-,C,Strafverfahren,directive_(eu)_2016_1919_en.txt
-,Richtlinie,Strafverfahren,directive_(eu)_2016_1919_en.txt
WHO,Richtlinie,Strafverfahren,directive_(eu)_2016_1919_en.txt
geringe Vergehen,berucksichtigt,kommunale Vorschriften,directive_(eu)_2016_1919_en.txt
Richtlinie,anwenden,Strafsachen,directive_(eu)_2016_1919_en.txt
13 Anwendung,ist Gegenstand,in der Richtlinie,directive_(eu)_2016_1919_en.txt
rechtliche Verdienstbeihilfe,in der Lage sein,Mitteltest,directive_(eu)_2016_1919_en.txt
Leistungstest,als angesehen,geringe Vergehen,directive_(eu)_2016_1919_en.txt
14 Umfang,beeintrachtigen,des Anwalts,directive_(eu)_2016_1919_en.txt
Untersuchung,bilden,nationales Gesetz,directive_(eu)_2016_1919_en.txt
16 Richtlinie,legt,Mindestregeln,directive_(eu)_2016_1919_en.txt
Beweishandlungen,in der Lage sein,in der Richtlinie,directive_(eu)_2016_1919_en.txt
wenn Interessen,Sind,der Gerechtigkeit,directive_(eu)_2016_1919_en.txt
Mitgliedsstaaten,erlaubt,Mitteltest,directive_(eu)_2016_1919_en.txt
verfahrenstechnisch das,Grenze,ecthr,directive_(eu)_2016_1919_en.txt
18 Mitgliedsstaaten,legen,Rechtshilfe,directive_(eu)_2016_1919_en.txt
Rechtshilfe,bestimmen,von Verdachtigen,directive_(eu)_2016_1919_en.txt
Anfrage,Sei,Gewahrung von Prozesskostenhilfe,directive_(eu)_2016_1919_en.txt
Ermittlungsbeweishandlungen,legal gewahren,in der Richtlinie,directive_(eu)_2016_1919_en.txt
Ermittlungsbeweishandlungen,gewahren,solche Fragen,directive_(eu)_2016_1919_en.txt
Deutung,hineinnehmen,der Richtlinie,directive_(eu)_2016_1919_en.txt
gesuchte Personen,haben,ausfuhrender Mitgliedstaat,directive_(eu)_2016_1919_en.txt
rechtliche Fernhilfe,haben,der Charter,directive_(eu)_2016_1919_en.txt
wo Anwalt,Sei,ausstellender Mitgliedstaat,directive_(eu)_2016_1919_en.txt
Das,genommen von,Durchfuhrungsrichtlinie,directive_(eu)_2016_1919_en.txt
Entscheidung aufgegeben,sicherstellen,gib sie ab,directive_(eu)_2016_1919_en.txt
Mitgliedsstaaten,sicherstellen,echr,directive_(eu)_2016_1919_en.txt
sie tun dies,respektieren,in Strafjustizsystemen,directive_(eu)_2016_1919_en.txt
zustandige Behorde,entscheiden,Rechtshilfe gewahren,directive_(eu)_2016_1919_en.txt
Unabhangig davon,Sei,inklusive Richter,directive_(eu)_2016_1919_en.txt
Bisher das,moglich sein,rechtzeitig,directive_(eu)_2016_1919_en.txt
Einweg,Ist,gesetzliche Vertretung,directive_(eu)_2016_1919_en.txt
Mitgliedsstaaten,erleichtern,Europaisches Haftbefehlsverfahren,directive_(eu)_2016_1919_en.txt
angemessene Ausbildung,bereitgestellt,Europaisches Haftbefehlsverfahren,directive_(eu)_2016_1919_en.txt
Das,Anfrage,Rechtshilfe,directive_(eu)_2016_1919_en.txt
Mitgliedsstaaten,erfordert,Gewerkschaftsrecht,directive_(eu)_2016_1919_en.txt
untergrabene Bestimmung,verfugbar sein,vollstandiger Teil,directive_(eu)_2016_1919_en.txt
-,Ist,in der Richtlinie,directive_(eu)_2016_1919_en.txt
wo Anfrage,enthalten,Rechtshilfe,directive_(eu)_2016_1919_en.txt
Daten,gesammelt,gesuchte Personen,directive_(eu)_2016_1919_en.txt
29 Richtlinie,gelten,Rechtsstellung,directive_(eu)_2016_1919_en.txt
Mitgliedsstaaten,respektieren,als Rasse,directive_(eu)_2016_1919_en.txt
Richtlinie,halt an,der Verteidigung,directive_(eu)_2016_1919_en.txt
Richtlinie,Implementiert in,mit Rechten,directive_(eu)_2016_1919_en.txt
30 Richtlinie,legt,Mindestregeln,directive_(eu)_2016_1919_en.txt
Mitgliedsstaaten,in der Lage sein,des Schutzes,directive_(eu)_2016_1919_en.txt
Mindestregeln,bilden,Das,directive_(eu)_2016_1919_en.txt
eben,unterschreiten,ecthr,directive_(eu)_2016_1919_en.txt
Union,adoptieren,zur Europaischen Union,directive_(eu)_2016_1919_en.txt
daruber hinaus,weitergehen,Ziel erreichen,directive_(eu)_2016_1919_en.txt
Mitgliedsstaaten,nehmen,seine Anwendung,directive_(eu)_2016_1919_en.txt
Danemark,nehmen,Richtlinie,directive_(eu)_2016_1919_en.txt
b wer,legt,zum Rahmenbeschluss,directive_(eu)_2016_1919_en.txt
Richtlinie,Erganzungen,Richtlinien,directive_(eu)_2016_1919_en.txt
Nichts,Interpretiert als,in Richtlinien,directive_(eu)_2016_1919_en.txt
WHO,2,der Kriminalitat,directive_(eu)_2016_1919_en.txt
WHO,gilt,EU .,directive_(eu)_2016_1919_en.txt
WHO,gilt,Strafverfolgungsbehorde,directive_(eu)_2016_1919_en.txt
Richtlinie,gilt,Strafsachen,directive_(eu)_2016_1919_en.txt
wenn Entscheidung,gilt,des Verfahrens,directive_(eu)_2016_1919_en.txt
Rechtshilfe,bedeutet,zum Anwalt,directive_(eu)_2016_1919_en.txt
wenn Interessen,Artikel,der Gerechtigkeit,directive_(eu)_2016_1919_en.txt
rechtliche Verdienstbeihilfe,anwenden,mit Absatz,directive_(eu)_2016_1919_en.txt
verdachtig,hineinnehmen,des Anwalts,directive_(eu)_2016_1919_en.txt
Interessen bestimmen,hineinnehmen,rechtliche Hilfe benotigen,directive_(eu)_2016_1919_en.txt
wo verdachtig,als angesehen,b Inhaftierung,directive_(eu)_2016_1919_en.txt
Ermittlungshandlungen,sicherstellen,des Artikels,directive_(eu)_2016_1919_en.txt
Person,gewahrt,Straftat begangen,directive_(eu)_2016_1919_en.txt
-,Artikel,Europaisches Haftbefehlsverfahren,directive_(eu)_2016_1919_en.txt
Rechtshilfe,sicherstellen,zur Gerechtigkeit,directive_(eu)_2016_1919_en.txt
4(3 welche,Gegenstand sein,mutatis mutandis,directive_(eu)_2016_1919_en.txt
-,-,Rechtshilfe,directive_(eu)_2016_1919_en.txt
Entscheidungen,gemacht,zustandige Behorde,directive_(eu)_2016_1919_en.txt
zustandige Behorde,angemessen nehmen,der Verteidigung,directive_(eu)_2016_1919_en.txt
ihre Bitte,nehmen notwendig,vollstandiger Teil,directive_(eu)_2016_1919_en.txt
-,Artikel,Rechtshilfedienste,directive_(eu)_2016_1919_en.txt
Rechtshilfedienste,nehmen notwendig,Anwaltschaft,directive_(eu)_2016_1919_en.txt
angemessene Ausbildung,sicherstellen,Europaisches Haftbefehlsverfahren,directive_(eu)_2016_1919_en.txt
Mitgliedsstaaten,angemessen nehmen,Rechtshilfedienste,directive_(eu)_2016_1919_en.txt
bestimmte ersetzte Umstande,nehmen,zu ihnen,directive_(eu)_2016_1919_en.txt
Verdachtige,sicherstellen,unter Weisung,directive_(eu)_2016_1919_en.txt
besondere Bedurfnisse,sicherstellen,der Richtlinie,directive_(eu)_2016_1919_en.txt
wie Rechte,.,in der Richtlinie,directive_(eu)_2016_1919_en.txt
danach Provision,einreichen,Rat,directive_(eu)_2016_1919_en.txt
Kommission,bewerten,Europaisches Haftbefehlsverfahren,directive_(eu)_2016_1919_en.txt
welche,ausgelegt als,des Schutzes,directive_(eu)_2016_1919_en.txt
Mitgliedsstaaten,bringen in,25. Mai,directive_(eu)_2016_1919_en.txt
Sie,informieren,sofort in Auftrag geben,directive_(eu)_2016_1919_en.txt
Sie,enthalten,offizielle Veroffentlichung,directive_(eu)_2016_1919_en.txt
Methoden,gelegt,Mitgliedsstaaten,directive_(eu)_2016_1919_en.txt
Sie,kommunizieren,abgedeckte Richtlinie,directive_(eu)_2016_1919_en.txt
Richtlinie,eintreten in,der Europaischen Union,directive_(eu)_2016_1919_en.txt
14 Adressaten,adressiert an,mit Vertragen,directive_(eu)_2016_1919_en.txt
-,erledigt bei,in Strassburg,directive_(eu)_2016_1919_en.txt
-,Prasident,fur den Rat,directive_(eu)_2016_1919_en.txt
-,Prasident,-,directive_(eu)_2016_1919_en.txt
1 Vermutung,Richtlinien,der Menschenrechte,directive_(eu)_2016_343_en.txt
2 Gewerkschaft,Satz,der Freiheit,directive_(eu)_2016_343_en.txt
gegenseitige Anerkennung,erleichtern,Individual Rechte,directive_(eu)_2016_343_en.txt
Prinzip,werden,innerhalb der Gewerkschaft,directive_(eu)_2016_343_en.txt
justizielle Zusammenarbeit,Ist,von Urteilen,directive_(eu)_2016_343_en.txt
-,C,-,directive_(eu)_2016_343_en.txt
-,Position von,der Europaischen Union,directive_(eu)_2016_343_en.txt
Mitgliedsstaaten,beruht auf,Strafjustizsysteme,directive_(eu)_2016_343_en.txt
welche,ist abhangig,aus Prinzip,directive_(eu)_2016_343_en.txt
Das,gezeigt,andere Mitgliedsstaaten,directive_(eu)_2016_343_en.txt
Rat 2009,.,1 Roadmap,directive_(eu)_2016_343_en.txt
Angeklagter wer,fordert,fur Massnahmenverdachtige,directive_(eu)_2016_343_en.txt
Es,begrusst,im Dienste der Burger,directive_(eu)_2016_343_en.txt
andere Probleme,unterstrichen,im Bereich,directive_(eu)_2016_343_en.txt
drei Massnahmen,8),Rat,directive_(eu)_2016_343_en.txt
9 Zweck,Ist,bei der aktuellen Verhandlung anwesend,directive_(eu)_2016_343_en.txt
angeklagte Weisung,Ziele,Strafsachen,directive_(eu)_2016_343_en.txt
gemeinsame Mindestregeln,entfernen,der Mitgliedstaaten,directive_(eu)_2016_343_en.txt
11 Richtlinie,anwenden,der Menschenrechte,directive_(eu)_2016_343_en.txt
wo letzteres,gelten fur zivil,solche Verfahren,directive_(eu)_2016_343_en.txt
WHO,gelten fur naturliche,Strafverfahren,directive_(eu)_2016_343_en.txt
Er,Bewerben Sie sich ab,offizielle Mitteilung,directive_(eu)_2016_343_en.txt
verdachtige Person,Bewerben Sie sich unter,Straftat begangen,directive_(eu)_2016_343_en.txt
verfugbar nur verfugbare Entscheidung,innerhalb fallen,der Richtlinie,directive_(eu)_2016_343_en.txt
-,Richtlinie,Strafverfahren,directive_(eu)_2016_343_en.txt
dritte Seite,Richtlinie,der Freiheit,directive_(eu)_2016_343_en.txt
13 Richtlinie,erkennt an,naturliche Personen,directive_(eu)_2016_343_en.txt
solchen Schutz,spiegelt sich in etablierten wider,der Menschenrechte,directive_(eu)_2016_343_en.txt
Sie,anerkannt,naturliche Personen,directive_(eu)_2016_343_en.txt
Es,ist verfruht,juristische Personen,directive_(eu)_2016_343_en.txt
Richtlinie,gelten fur legal,juristische Personen,directive_(eu)_2016_343_en.txt
Das,ohne sein,juristische Personen,directive_(eu)_2016_343_en.txt
Fallentwicklung,gewahrleistet durch,fur Gewerkschaftsaktionen,directive_(eu)_2016_343_en.txt
so lange Person,verletzt,zum Gesetz,directive_(eu)_2016_343_en.txt
Person,reflektieren,keine Meinung,directive_(eu)_2016_343_en.txt
gewahrte Rechte,ohne sein,der Verteidigung,directive_(eu)_2016_343_en.txt
solche Entscheidungen,ohne sein,verdachtige Person verweisen,directive_(eu)_2016_343_en.txt
betroffene Entscheidung,haben,zu Elementen,directive_(eu)_2016_343_en.txt
habe das verstanden,verstanden,bezuglich der Immunitat,directive_(eu)_2016_343_en.txt
bei Strafverfolgung,Offentlichkeit verhindern,Storung der offentlichen Ordnung,directive_(eu)_2016_343_en.txt
Das,beschrankt auf,berucksichtigen,directive_(eu)_2016_343_en.txt
"ist schuldig, er",erstellen,zum Gesetz,directive_(eu)_2016_343_en.txt
so lange Personen,angemessen nehmen,zum Gesetz,directive_(eu)_2016_343_en.txt
Mitgliedsstaaten,Offentlichkeit informieren,zu den Medien,directive_(eu)_2016_343_en.txt
Das,ohne sein,der Presse,directive_(eu)_2016_343_en.txt
Beingebrauch,davon Abstand nehmen,als Zeugen,directive_(eu)_2016_343_en.txt
kompetente Autoritaten,implizieren,solche Massnahmen,directive_(eu)_2016_343_en.txt
-,-,der Europaischen Union,directive_(eu)_2016_343_en.txt
Personen,davon Abstand nehmen,Eindruck vermeiden,directive_(eu)_2016_343_en.txt
zweifeln,ist eingeschaltet,verdachtig,directive_(eu)_2016_343_en.txt
Last,verletzt,verdachtige Person,directive_(eu)_2016_343_en.txt
bedeutet,auf das Zumutbare beschrankt,"legitimes, verhaltnismassiges Ziel",directive_(eu)_2016_343_en.txt
wo Rechte,widerlegbar sein,der Verteidigung,directive_(eu)_2016_343_en.txt
nur Strafverfolgung,geladen mit,belastende Suche nach Beweisen,directive_(eu)_2016_343_en.txt
stellte es zur Verfugung,in der Lage sein,Gewerkschaftsrecht,directive_(eu)_2016_343_en.txt
24 richtig,Ist,aus Selbstbeschuldigung,directive_(eu)_2016_343_en.txt
25 richtig,Ist,der Unschuld,directive_(eu)_2016_343_en.txt
welche,gezwungen,zur Selbstbeschuldigung,directive_(eu)_2016_343_en.txt
Person,gelten,verdachtige Person,directive_(eu)_2016_343_en.txt
Personen,implizieren,Angeklagte Informationen,directive_(eu)_2016_343_en.txt
inter verletzte Pratation,hineingebracht,berucksichtigen,directive_(eu)_2016_343_en.txt
Person,gegen eingesetzt,Straftat,directive_(eu)_2016_343_en.txt
welche,verhindern,von DNA-Tests,directive_(eu)_2016_343_en.txt
stellte dies zur Verfugung,ausschliessen,fairer Prozess,directive_(eu)_2016_343_en.txt
Es,halten,mit Direktive,directive_(eu)_2016_343_en.txt
33 richtig,Ist,demokratische Gesellschaft,directive_(eu)_2016_343_en.txt
Rechts,bezogen auf,in der gesamten Union,directive_(eu)_2016_343_en.txt
Sie,haben,nationales Gesetz,directive_(eu)_2016_343_en.txt
35 richtig,Ist,bei der aktuellen Verhandlung anwesend,directive_(eu)_2016_343_en.txt
Verdachtige,in der Lage sein,fahig ausdrucklich fahig Recht,directive_(eu)_2016_343_en.txt
gerade Person,moglich sein,bei der aktuellen Verhandlung anwesend,directive_(eu)_2016_343_en.txt
wo verdachtig,Sei,des Nichterscheinens,directive_(eu)_2016_343_en.txt
Das,verstanden,sich der bewussten Prufung bewusst,directive_(eu)_2016_343_en.txt
reichte ihm,verstanden,vor Gericht,directive_(eu)_2016_343_en.txt
WHO,moglich sein,verdachtige Person,directive_(eu)_2016_343_en.txt
besondere Aufmerksamkeit,bezahlt um,zu ihm,directive_(eu)_2016_343_en.txt
floh davor,moglich sein,Entscheidung,directive_(eu)_2016_343_en.txt
nahm sie fest,sicherstellen,Rechtsmittel,directive_(eu)_2016_343_en.txt
solch eine Information,bereitgestellt in,schriftlich,directive_(eu)_2016_343_en.txt
Information,bereitgestellt,nationales Gesetz,directive_(eu)_2016_343_en.txt
wo dies,erlaubt,Strafverfahren,directive_(eu)_2016_343_en.txt
Gegenwart,Sei,des Zeugen,directive_(eu)_2016_343_en.txt
eine Anhorung,ausgeubt,bei der aktuellen Verhandlung anwesend,directive_(eu)_2016_343_en.txt
Es gelten die nationalen Vorschriften,bedeutet,zum Horen,directive_(eu)_2016_343_en.txt
nationale Vorschriften,entsprechen,fairer Prozess,directive_(eu)_2016_343_en.txt
Horen,Ist,in welchem,directive_(eu)_2016_343_en.txt
besondere Bedurfnisse,sicherstellen,berucksichtigt,directive_(eu)_2016_343_en.txt
mental sie,verstanden,zu ihrem Alter,directive_(eu)_2016_343_en.txt
43 Kinder,sind verletzlich,des Schutzes,directive_(eu)_2016_343_en.txt
Verfahrensgarantien,gegrundet,in der Richtlinie,directive_(eu)_2016_343_en.txt
Mitgliedsstaaten,erfordert,Gewerkschaftsrecht,directive_(eu)_2016_343_en.txt
Verstoss,haben,der Verteidigung,directive_(eu)_2016_343_en.txt
Gerichte,respektieren,des Verfahrens,directive_(eu)_2016_343_en.txt
Verfahren durchfuhren,musste,als Ganzes,directive_(eu)_2016_343_en.txt
Stellungnahme,aufgerufen als,als Beweis,directive_(eu)_2016_343_en.txt
Mitgliedsstaaten,Versand moglich,Kommission,directive_(eu)_2016_343_en.txt
solche Daten,enthalten,bei der aktuellen Verhandlung anwesend,directive_(eu)_2016_343_en.txt
47 Richtlinie,halt an,der Verteidigung,directive_(eu)_2016_343_en.txt
Sie,hatte,des Gewerkschaftsrechts,directive_(eu)_2016_343_en.txt
Mitgliedsstaaten,in der Lage sein,des Schutzes,directive_(eu)_2016_343_en.txt
eben,unterschreiten,der Menschenrechte,directive_(eu)_2016_343_en.txt
Union,adoptieren,5 Tage,directive_(eu)_2016_343_en.txt
daruber hinaus,weitergehen,Ziele erreichen,directive_(eu)_2016_343_en.txt
Mitgliedsstaaten,nehmen,seine Anwendung,directive_(eu)_2016_343_en.txt
Danemark,nehmen,Richtlinie,directive_(eu)_2016_343_en.txt
Richtlinie,legt,Strafverfahren,directive_(eu)_2016_343_en.txt
WHO,gilt fur naturlich,Strafverfahren,directive_(eu)_2016_343_en.txt
der Person,gilt bei,Straftat begangen,directive_(eu)_2016_343_en.txt
Verdachtige,sicherstellen,zum Gesetz,directive_(eu)_2016_343_en.txt
offentliche Ausserungen,nehmen,verweisen auf die verweisende Person,directive_(eu)_2016_343_en.txt
welche,ohne sein,auf Verdacht,directive_(eu)_2016_343_en.txt
angemessene Massnahmen,sicherstellen,bestimmten Artikel,directive_(eu)_2016_343_en.txt
Verpflichtung,Offentlichkeit verhindern,offentliches Interesse,directive_(eu)_2016_343_en.txt
Verdachtige sicherstellen,Artikel,korperliche Zuruckhaltung,directive_(eu)_2016_343_en.txt
Das,verhindern,Dritte Personen,directive_(eu)_2016_343_en.txt
Last,sicherstellen,ist eingeschaltet ist Strafverfolgung,directive_(eu)_2016_343_en.txt
Das,ohne sein,nationales Gesetz,directive_(eu)_2016_343_en.txt
beurteilt die Person,sicherstellen,Verdachtiger ist eine Person,directive_(eu)_2016_343_en.txt
Sie,sicherstellen,Das,directive_(eu)_2016_343_en.txt
Verdachtige,sicherstellen,belasten sich selbst,directive_(eu)_2016_343_en.txt
welche,verhindern,von Verdachtigen,directive_(eu)_2016_343_en.txt
Justizbehorden,erlauben,von Verdachtigen,directive_(eu)_2016_343_en.txt
nicht sie,gegen eingesetzt,Straftat,directive_(eu)_2016_343_en.txt
-,Rechts,bei der aktuellen Verhandlung anwesend,directive_(eu)_2016_343_en.txt
Verdachtige,sicherstellen,ihren gegenwartigen Prozess,directive_(eu)_2016_343_en.txt
WHO,bieten,Zustand,directive_(eu)_2016_343_en.txt
welche,gegen durchgesetzt,gegen Person,directive_(eu)_2016_343_en.txt
angemessene Anstrengungen,sorgen fur,des Artikels,directive_(eu)_2016_343_en.txt
Entscheidung,bieten,-,directive_(eu)_2016_343_en.txt
nahm sie fest,sicherstellen,mit Artikel,directive_(eu)_2016_343_en.txt
stellte dies zur Verfugung,ohne sein,fairer Prozess,directive_(eu)_2016_343_en.txt
ursprungliche Entscheidung,sicherstellen,neue Beweise,directive_(eu)_2016_343_en.txt
Verdachtige,sicherstellen,der Verteidigung,directive_(eu)_2016_343_en.txt
Ihre Rechte,sicherstellen,unter Weisung,directive_(eu)_2016_343_en.txt
Rechte,sicherstellen,des Verfahrens,directive_(eu)_2016_343_en.txt
wie Rechte,Bericht,in der Richtlinie,directive_(eu)_2016_343_en.txt
Kommission,einreichen,der Richtlinie,directive_(eu)_2016_343_en.txt
welche,ausgelegt als,des Schutzes,directive_(eu)_2016_343_en.txt
Mitgliedsstaaten,bringen in,1. April,directive_(eu)_2016_343_en.txt
Sie,informieren,sofort in Auftrag geben,directive_(eu)_2016_343_en.txt
Sie,enthalten,offizielle Veroffentlichung,directive_(eu)_2016_343_en.txt
Methoden,gelegt,Mitgliedsstaaten,directive_(eu)_2016_343_en.txt
Sie,kommunizieren,abgedeckte Richtlinie,directive_(eu)_2016_343_en.txt
Richtlinie,eintreten in,der Europaischen Union,directive_(eu)_2016_343_en.txt
16 Adressaten,adressiert an,mit Vertragen,directive_(eu)_2016_343_en.txt
-,erledigt bei,in Strassburg,directive_(eu)_2016_343_en.txt
-,Prasident,fur den Rat,directive_(eu)_2016_343_en.txt
WHO,Richtlinien,sozial - beleidigende Integration,directive_(eu)_2016_800_en.txt
angeklagte Weisung,Ziele,Strafsachen,directive_(eu)_2016_800_en.txt
Mindestregeln,entfernen,der Mitgliedstaaten,directive_(eu)_2016_800_en.txt
Das,gezeigt,andere Mitgliedsstaaten,directive_(eu)_2016_800_en.txt
Rat 2009,angenommen,3 Roadmap,directive_(eu)_2016_800_en.txt
WHO,fordert,mutmassliche Massnahmenpersonen,directive_(eu)_2016_800_en.txt
Roadmap,betont,1 jj c,directive_(eu)_2016_800_en.txt
-,Position von,21. April,directive_(eu)_2016_800_en.txt
-,C,-,directive_(eu)_2016_800_en.txt
also bezeichnend dafur,-,mit Prioritaten,directive_(eu)_2016_800_en.txt
seine Vorteile,erfahren in,als Ganzes entworfen,directive_(eu)_2016_800_en.txt
Es,begrusst,im Dienste der Burger,directive_(eu)_2016_800_en.txt
andere Probleme,unterstrichen,im Bereich,directive_(eu)_2016_800_en.txt
vier Massnahmen,angenommen gem,des Europaischen Parlaments,directive_(eu)_2016_800_en.txt
7 Richtlinie,fordert,freundliche Gerechtigkeit,directive_(eu)_2016_800_en.txt
Interesse,sicherstellen,der Europaischen Union,directive_(eu)_2016_800_en.txt
WHO,insbesondere gegeben,in die Gesellschaft,directive_(eu)_2016_800_en.txt
WHO,gelten,Kinder,directive_(eu)_2016_800_en.txt
einschlagigen Bestimmungen,Bewerben Sie sich ab,ausfuhrender Mitgliedstaat,directive_(eu)_2016_800_en.txt
wo Anwendung,gelten,der Person,directive_(eu)_2016_800_en.txt
welche,ermutigt,vom 18,directive_(eu)_2016_800_en.txt
solche Beweise,bestimmen,Zivilstand,directive_(eu)_2016_800_en.txt
medizinische Untersuchung,getragen,Kinderrechte,directive_(eu)_2016_800_en.txt
Person,vermutet,der Richtlinie,directive_(eu)_2016_800_en.txt
-,Richtlinie,Strafverfahren,directive_(eu)_2016_800_en.txt
dritte Seite,Richtlinie,Konsularbehorden,directive_(eu)_2016_800_en.txt
-,Entscheidung,zwischen den Mitgliedsstaaten,directive_(eu)_2016_800_en.txt
14 Richtlinie,bewerben in,geringe Vergehen,directive_(eu)_2016_800_en.txt
WHO,anwenden,der Freiheit,directive_(eu)_2016_800_en.txt
Behorde,hat,geringe Vergehen,directive_(eu)_2016_800_en.txt
welche,Sei,nach der Verkehrskontrolle,directive_(eu)_2016_800_en.txt
zustandige unvernunftige Behorden,unvernunftig sein,unter Weisung,directive_(eu)_2016_800_en.txt
Richtlinie,anwenden,nach Berufung,directive_(eu)_2016_800_en.txt
geringe Vergehen,berucksichtigt,kommunale Vorschriften,directive_(eu)_2016_800_en.txt
Richtlinie,anwenden,Strafsachen,directive_(eu)_2016_800_en.txt
17 Richtlinie,anwenden,Strafverfahren,directive_(eu)_2016_800_en.txt
welche,auf andere anwenden,Schutzmassnahmen,directive_(eu)_2016_800_en.txt
18 Richtlinie,umgesetzt,von Richtlinien,directive_(eu)_2016_800_en.txt
Richtlinie,sorgt fur weiteres,von Kindern,directive_(eu)_2016_800_en.txt
19 Kinder,erhalten,des Verfahrens,directive_(eu)_2016_800_en.txt
weit davon entfernt,gegeben,von Behorden,directive_(eu)_2016_800_en.txt
Information,darauf ankommen,des Falles,directive_(eu)_2016_800_en.txt
wo messen,erhalten,zum Kind,directive_(eu)_2016_800_en.txt
Brief,klar einschliessen,unter Weisung,directive_(eu)_2016_800_en.txt
22 Mitgliedstaaten,informieren,schriftlich,directive_(eu)_2016_800_en.txt
Information,bereitgestellt,des Kindes,directive_(eu)_2016_800_en.txt
Information,zur Verfugung gestellt,zustandige Behorde,directive_(eu)_2016_800_en.txt
mit Halter,Ist,mit Kind,directive_(eu)_2016_800_en.txt
welche,zur Verfugung gestellt,elterliche Verantwortung,directive_(eu)_2016_800_en.txt
Erfordernis,verlangern,Strafverfahren,directive_(eu)_2016_800_en.txt
WHO,haben,mit Direktive,directive_(eu)_2016_800_en.txt
Sie,assistiert von,in der Richtlinie,directive_(eu)_2016_800_en.txt
wo Kind,arrangieren,solche Hilfe,directive_(eu)_2016_800_en.txt
sorgen Sie fur das notige Kind,legal bereitstellen,effektiv unterstutzter Anwalt,directive_(eu)_2016_800_en.txt
Kind,setzt voraus,unter Weisung,directive_(eu)_2016_800_en.txt
eine solche Bestimmung,gelten,/ EU,directive_(eu)_2016_800_en.txt
Ausnahmen,beeintrachtigen,nationales Gewerkschaftsrecht,directive_(eu)_2016_800_en.txt
Sie,ohne Unrecht anwenden,aufmerksam gemacht,directive_(eu)_2016_800_en.txt
Hilfe,bedeutet legal,Strafverfahren,directive_(eu)_2016_800_en.txt
Rechtsanwalt,anwesend sein,wahrend der Befragung,directive_(eu)_2016_800_en.txt
Hilfe,erfordern,Beweise vorhanden Akt,directive_(eu)_2016_800_en.txt
Untersuchung,enthalten,nationales Gesetz,directive_(eu)_2016_800_en.txt
verdachtiges Kind,haben,der Menschenrechte,directive_(eu)_2016_800_en.txt
wo Kind,macht Express,Strafverfahren,directive_(eu)_2016_800_en.txt
Er,ausgesetzt,mit Direktive,directive_(eu)_2016_800_en.txt
Interesse,in der Lage sein,des Falles,directive_(eu)_2016_800_en.txt
wenn sie,assistiert von,"Na ja, Nachsitzen",directive_(eu)_2016_800_en.txt
Kind erlauben,verhangt als,vor Gericht,directive_(eu)_2016_800_en.txt
Mitgliedsstaaten,in der Lage sein,im Hinblick,directive_(eu)_2016_800_en.txt
Sofortmassnahme,in der Lage sein,Straftat,directive_(eu)_2016_800_en.txt
solche Fragen,in der Lage sein,sich selbst belasten,directive_(eu)_2016_800_en.txt
Das,moglich sein,Strafverfahren,directive_(eu)_2016_800_en.txt
Missbrauch,Vorurteil,der Verteidigung,directive_(eu)_2016_800_en.txt
Sie,Satz,eingeschrankte Nutzung,directive_(eu)_2016_800_en.txt
vorubergehende Ausnahmeregelung,proportional sein,des Verfahrens,directive_(eu)_2016_800_en.txt
keine Entscheidung,sicherstellen,wahrend der Probephase,directive_(eu)_2016_800_en.txt
33 Vertraulichkeit,ist der Schlussel,fairer Prozess,directive_(eu)_2016_800_en.txt
Mitgliedsstaaten,respektieren,ohne Ausnahme,directive_(eu)_2016_800_en.txt
Rechtsanwalt,ist ohne,Straftat,directive_(eu)_2016_800_en.txt
Kriminelle Aktivitat,berucksichtigt,der Richtlinie,directive_(eu)_2016_800_en.txt
Vereinbarungen,impliziert,diese wahren die Vertraulichkeit,directive_(eu)_2016_800_en.txt
zustandige Genehmigungsbehorden,ist ohne,zwischen Kindern,directive_(eu)_2016_800_en.txt
zur Korrespondenz,Ist,zustandiges Gericht vorgelegt,directive_(eu)_2016_800_en.txt
Das,ist ohne,kompetente Autoritaten,directive_(eu)_2016_800_en.txt
Titel v,Ist,Innere Sicherheit,directive_(eu)_2016_800_en.txt
um sie auszuweiten,haben,besondere Strafe,directive_(eu)_2016_800_en.txt
individuelle Beurteilung,hineinnehmen,als Lernbehinderungen,directive_(eu)_2016_800_en.txt
Kind genommen,moglich sein,der Beleidigung,directive_(eu)_2016_800_en.txt
Es,gebraucht,kurzlich,directive_(eu)_2016_800_en.txt
konkrete Massnahme,nehmen,Strafverfahren,directive_(eu)_2016_800_en.txt
Bedingungen bereitgestellt,verhindern,des Verfahrens,directive_(eu)_2016_800_en.txt
individuelle Beurteilung,Betreff,von Massnahmen,directive_(eu)_2016_800_en.txt
individuelle Beurteilung,beurteilt,-,directive_(eu)_2016_800_en.txt
Information,nehmen,des Prozesses,directive_(eu)_2016_800_en.txt
stellte dies zur Verfugung,moglich sein,Das Beste sind die Interessen,directive_(eu)_2016_800_en.txt
individuelle Beurteilung,Sei,solche verfugbare Haft,directive_(eu)_2016_800_en.txt
Ausnahmeregelung vorgesehen,in der Lage sein,Am besten sind kompatible Interessen,directive_(eu)_2016_800_en.txt
Fall,hineingebracht,ohne Anklage,directive_(eu)_2016_800_en.txt
wo Kinder,untermauert,schwache Position,directive_(eu)_2016_800_en.txt
Kind,haben,medizinische Untersuchung,directive_(eu)_2016_800_en.txt
spezifische gesundheitliche Indikationen,getragen,Anwalt fur Kinder,directive_(eu)_2016_800_en.txt
Das,legen,solche Untersuchungen,directive_(eu)_2016_800_en.txt
zwei Anfragen,Adresse,von Zeit,directive_(eu)_2016_800_en.txt
Sie,Sind,welche,directive_(eu)_2016_800_en.txt
Interesse,verzeichnet,der Freiheit,directive_(eu)_2016_800_en.txt
Richtlinie,erfordern,vom Richter,directive_(eu)_2016_800_en.txt
Es,in der Lage sein,am besten vereinbare Interessen,directive_(eu)_2016_800_en.txt
Das,getragen,von Kindern,directive_(eu)_2016_800_en.txt
wenn sie,sind in,der Freiheit,directive_(eu)_2016_800_en.txt
Entbehrung,unternommen,in die Gesellschaft,directive_(eu)_2016_800_en.txt
Mitgliedsstaaten,praktisch machen,des Polizeigewahrsams,directive_(eu)_2016_800_en.txt
Straftat,ist ohne,in Situationen,directive_(eu)_2016_800_en.txt
-,-,l,directive_(eu)_2016_800_en.txt
kompetente Autoritaten,halten,solche Massnahmen,directive_(eu)_2016_800_en.txt
Kind,enthalten,therapeutische Programme,directive_(eu)_2016_800_en.txt
welche,Gegenstand sein,durch Gericht,directive_(eu)_2016_800_en.txt
welche,moglich sein,Justizbehorde,directive_(eu)_2016_800_en.txt
Kinderrezension,sorgen fur praktisches,Amtsgericht,directive_(eu)_2016_800_en.txt
hielt sie fest,Profitieren Sie von Sonderangeboten,besondere Schutzmassnahmen,directive_(eu)_2016_800_en.txt
Es,gehaltenen,des Kindes,directive_(eu)_2016_800_en.txt
Es,moglich sein,der Person,directive_(eu)_2016_800_en.txt
inhaftierte Kinder,bezahlt um,inharente Verletzlichkeit,directive_(eu)_2016_800_en.txt
Kinder,haben,ihre Bedurfnisse,directive_(eu)_2016_800_en.txt
Das,sicherstellen,am besten vereinbare Interessen,directive_(eu)_2016_800_en.txt
Das,moglich sein,beste gegensatzliche Interessen,directive_(eu)_2016_800_en.txt
besondere Wachsamkeit,erforderlich am,korperliche Unversehrtheit,directive_(eu)_2016_800_en.txt
Personen bestimmen,Ist,nationales Gesetz,directive_(eu)_2016_800_en.txt
Personen,ermutigt,junge qualifizierte Erwachsene,directive_(eu)_2016_800_en.txt
inhaftierte Mitgliedstaaten,angemessen nehmen,in der Richtlinie,directive_(eu)_2016_800_en.txt
solche Massnahmen,sicherstellen,zum Familienleben,directive_(eu)_2016_800_en.txt
aussergewohnliche entsprechende Einschrankungen,haben,der Gerechtigkeit,directive_(eu)_2016_800_en.txt
52 Mitgliedsstaaten,angemessen nehmen,des Kindes,directive_(eu)_2016_800_en.txt
Mitgliedsstaaten,unterlassen,des Kindes,directive_(eu)_2016_800_en.txt
Mitgliedsstaaten,erforderlich,Kinder,directive_(eu)_2016_800_en.txt
entsprechenden Mitgliedstaaten,angemessen nehmen,der Freiheit,directive_(eu)_2016_800_en.txt
Mittel,verhaltnismassig sein,seine Dauer,directive_(eu)_2016_800_en.txt
Verfahren,hineinnehmen,"angepasst, um sie anzupassen",directive_(eu)_2016_800_en.txt
Profis,Trainiert in,Umgang mit Umgangskindern,directive_(eu)_2016_800_en.txt
Sie,behandelt,Das,directive_(eu)_2016_800_en.txt
-,-,der Europaischen Union,directive_(eu)_2016_800_en.txt
Privatsphare,gewahrleistet,in die Gesellschaft,directive_(eu)_2016_800_en.txt
Gerichte,bieten,der Offentlichkeit,directive_(eu)_2016_800_en.txt
Das,ist ohne,6 Echr,directive_(eu)_2016_800_en.txt
Sie,haben,in welchem,directive_(eu)_2016_800_en.txt
Das,haben,angemessene Anstrengungen,directive_(eu)_2016_800_en.txt
Begleitperson,legen,aus Gerichtsverhandlungen,directive_(eu)_2016_800_en.txt
Interesse,Adresse,berucksichtigt,directive_(eu)_2016_800_en.txt
Kind,haben,elterliche Verantwortung,directive_(eu)_2016_800_en.txt
mit Halter,Ist,Kriminelle Aktivitat,directive_(eu)_2016_800_en.txt
Sie,haben,wahrend der polizeilichen Befragung,directive_(eu)_2016_800_en.txt
60 richtig,bezogen auf,der Menschenrechte,directive_(eu)_2016_800_en.txt
wo das,angemessen nehmen,geeigneter Erwachsener,directive_(eu)_2016_800_en.txt
Mitgliedsstaaten,sorgen fur praktisches,vor Gericht,directive_(eu)_2016_800_en.txt
Kind,enthalten,aus dem Prozess,directive_(eu)_2016_800_en.txt
wenn sie,gelten,ausfuhrender Mitgliedstaat,directive_(eu)_2016_800_en.txt
Europaisches Haftbefehlsverfahren,sind entscheidend,Strafsachen,directive_(eu)_2016_800_en.txt
Einhaltung,ist bedeutsam,eine so wichtige Zusammenarbeit,directive_(eu)_2016_800_en.txt
Zeitbegrenzungen,eingehalten,Europaisches Haftbefehlsverfahren,directive_(eu)_2016_800_en.txt
WHO,angemessen nehmen,fur Kinder,directive_(eu)_2016_800_en.txt
WHO,angemessen nehmen,Einbeziehung von Kindern,directive_(eu)_2016_800_en.txt
-,Ist,in der Richtlinie,directive_(eu)_2016_800_en.txt
solche Daten,enthalten,der Freiheit,directive_(eu)_2016_800_en.txt
-,21.5.2016,der Europaischen Union,directive_(eu)_2016_800_en.txt
Mitgliedsstaaten,respektieren,als Rasse,directive_(eu)_2016_800_en.txt
66 Richtlinie,halt an,der Verteidigung,directive_(eu)_2016_800_en.txt
Richtlinie,Implementiert in,mit Rechten,directive_(eu)_2016_800_en.txt
67-Richtlinie,legt,Mindestregeln,directive_(eu)_2016_800_en.txt
Mitgliedsstaaten,in der Lage sein,des Schutzes,directive_(eu)_2016_800_en.txt
Mindestregeln,bilden,Das,directive_(eu)_2016_800_en.txt
eben,unterschreiten,der Menschenrechte,directive_(eu)_2016_800_en.txt
Union,adoptieren,5 Tage,directive_(eu)_2016_800_en.txt
daruber hinaus,weitergehen,Ziele erreichen,directive_(eu)_2016_800_en.txt
Mitgliedsstaaten,nehmen,seine Anwendung,directive_(eu)_2016_800_en.txt
Danemark,nehmen,seine Anwendung,directive_(eu)_2016_800_en.txt
1 Mitgliedsstaaten,unternommen,nationale Umsetzungsinstrumente,directive_(eu)_2016_800_en.txt
WHO,uberlegt,zum Rahmenbeschluss,directive_(eu)_2016_800_en.txt
WHO,gilt fur,Strafverfahren,directive_(eu)_2016_800_en.txt
verdachtig,gilt bis,der Berufung,directive_(eu)_2016_800_en.txt
WHO,gilt fur,mit Artikel,directive_(eu)_2016_800_en.txt
Anwendung,gilt fur,der Person,directive_(eu)_2016_800_en.txt
wenn Person,entscheiden,vom 21,directive_(eu)_2016_800_en.txt
WHO,gilt fur,Strafverfolgungsbehorde,directive_(eu)_2016_800_en.txt
Richtlinie,nationale Auswirkungen haben,strafrechtliche Verantwortlichkeit,directive_(eu)_2016_800_en.txt
Richtlinie,gelten,Strafsachen,directive_(eu)_2016_800_en.txt
wo Kind,anwenden,Strafverfahren,directive_(eu)_2016_800_en.txt
welche,bedeutet,des Zugriffs,directive_(eu)_2016_800_en.txt
Person,vermutet,vom 18,directive_(eu)_2016_800_en.txt
-,-,zu Informationen,directive_(eu)_2016_800_en.txt
Sie,sicherstellen,des Verfahrens,directive_(eu)_2016_800_en.txt
auch Kinder,sicherstellen,in der Richtlinie,directive_(eu)_2016_800_en.txt
Halter haben,bereitgestellt,im Artikel,directive_(eu)_2016_800_en.txt
Information,sicherstellen,nationales Gesetz,directive_(eu)_2016_800_en.txt
Brief,sicherstellen,unter Weisung,directive_(eu)_2016_800_en.txt
Halter haben,.,elterliche Verantwortung,directive_(eu)_2016_800_en.txt
Kind,sicherstellen,der Europaischen Union,directive_(eu)_2016_800_en.txt
ihre Identitat,gefahrden,Strafverfahren,directive_(eu)_2016_800_en.txt
zustandige Behorde,benennen,zur Person,directive_(eu)_2016_800_en.txt
Person,Sei,von Kindern,directive_(eu)_2016_800_en.txt
4 welche,zur Verfugung gestellt,elterliche Verantwortung,directive_(eu)_2016_800_en.txt
In,beeintrachtigen,Rechts,directive_(eu)_2016_800_en.txt
Ihnen erlauben,sicherstellen,der Verteidigung,directive_(eu)_2016_800_en.txt
Sie,sicherstellen,aufmerksam gemacht,directive_(eu)_2016_800_en.txt
Sie,assistiert von,vor Gericht,directive_(eu)_2016_800_en.txt
befragter Anwalt,enthalten,wahrend der kompetenten Befragung,directive_(eu)_2016_800_en.txt
solche Verfahren,durchgefuhrt,von rechts,directive_(eu)_2016_800_en.txt
verdachtige Person,notiert,der Kriminalitat,directive_(eu)_2016_800_en.txt
Mitgliedsstaaten,respektieren,unter Weisung,directive_(eu)_2016_800_en.txt
solche Kommunikation,enthalten,nationales Gesetz,directive_(eu)_2016_800_en.txt
Interesse,abweichen,der Beleidigung,directive_(eu)_2016_800_en.txt
wenn sie,sicherstellen,b Inhaftierung,directive_(eu)_2016_800_en.txt
Kind erlauben,sicherstellen,vor Gericht,directive_(eu)_2016_800_en.txt
wo Kind,verschieben,fur Kind,directive_(eu)_2016_800_en.txt
Sofortmassnahme,abweichen,Straftat,directive_(eu)_2016_800_en.txt
kompetente Autoritaten,sicherstellen,berucksichtigen,directive_(eu)_2016_800_en.txt
Entscheidung,vergriffen,gerichtliche Uberprufung,directive_(eu)_2016_800_en.txt
spezielle Bedurfnisse,sicherstellen,berucksichtigt,directive_(eu)_2016_800_en.txt
WHO,beurteilt,Strafverfahren,directive_(eu)_2016_800_en.txt
Kind,hineinnehmen,konkret das,directive_(eu)_2016_800_en.txt
Kind,variieren je nach,individuelle Beurteilung,directive_(eu)_2016_800_en.txt
konkrete Massnahme,Aufschlag,Strafverfahren,directive_(eu)_2016_800_en.txt
individuelle Beurteilung,getragen,vor der Anklage,directive_(eu)_2016_800_en.txt
individuelle Beurteilung,prasentiert zur Verfugung gestellt,vor Gericht,directive_(eu)_2016_800_en.txt
individuelle Einschatzungen,getragen,des Kindes,directive_(eu)_2016_800_en.txt
Sie,getragen,in Artikeln,directive_(eu)_2016_800_en.txt
individuelle Beurteilung,sicherstellen,strafrechtliche aktualisierte Verfahren,directive_(eu)_2016_800_en.txt
stellte es zur Verfugung,abweichen,Am besten sind kompatible Interessen,directive_(eu)_2016_800_en.txt
WHO,sicherstellen,mentaler Beurteilungszustand,directive_(eu)_2016_800_en.txt
medizinische Untersuchung,Sei,moglich - invasiver Arzt,directive_(eu)_2016_800_en.txt
Ergebnisse,hineingebracht,gegen Beweise Kind,directive_(eu)_2016_800_en.txt
spezifische gesundheitliche Indikationen,getragen,in Artikeln,directive_(eu)_2016_800_en.txt
Abschluss,aufgenommen in,schriftlich,directive_(eu)_2016_800_en.txt
medizinische Assistenz,bereitgestellt,-,directive_(eu)_2016_800_en.txt
wo getragen Umstande,sicherstellen,-,directive_(eu)_2016_800_en.txt
-,Artikel,des Fragens,directive_(eu)_2016_800_en.txt
Interesse,sicherstellen,der Freiheit,directive_(eu)_2016_800_en.txt
welche,aufgenommen in,schriftliche Protokolle,directive_(eu)_2016_800_en.txt
Artikel,ohne sein,audiovisuelle Aufnahme,directive_(eu)_2016_800_en.txt
Entbehrung,sicherstellen,von Zeit,directive_(eu)_2016_800_en.txt
falliges Konto,genommen von,des Falles,directive_(eu)_2016_800_en.txt
Entbehrung,sicherstellen,letzter Ausweg,directive_(eu)_2016_800_en.txt
Festnahme,sicherstellen,durch Gericht,directive_(eu)_2016_800_en.txt
welche,Gegenstand sein,Justizbehorde,directive_(eu)_2016_800_en.txt
Entscheidungen,sicherstellen,unangemessene Verzogerung,directive_(eu)_2016_800_en.txt
kompetente Autoritaten,sicherstellen,zur Inhaftierung,directive_(eu)_2016_800_en.txt
-,Artikel,der Freiheit,directive_(eu)_2016_800_en.txt
Es,sicherstellen,Interesse,directive_(eu)_2016_800_en.txt
WHO,sorgen fur,mit Person,directive_(eu)_2016_800_en.txt
Das,mit Jugendlichen festgehalten,beste gegensatzliche Interessen,directive_(eu)_2016_800_en.txt
Das,angemessen nehmen,der Religion,directive_(eu)_2016_800_en.txt
Mittel,verhaltnismassig sein,der Inhaftierung,directive_(eu)_2016_800_en.txt
Punkte,gelten,als Inhaftierung,directive_(eu)_2016_800_en.txt
Mittel,verhaltnismassig sein,der Freiheit,directive_(eu)_2016_800_en.txt
Das,gelten,solche Situationen,directive_(eu)_2016_800_en.txt
wo Treffen,bemuhen,ermittlungskompatible Anforderungen,directive_(eu)_2016_800_en.txt
Absatz,ohne sein,zum Artikel,directive_(eu)_2016_800_en.txt
-,Artikel,von Fallen,directive_(eu)_2016_800_en.txt
Strafverfahren,nehmen,Due Diligence,directive_(eu)_2016_800_en.txt
Sie,angemessen nehmen,Das,directive_(eu)_2016_800_en.txt
-,-,der Privatsphare,directive_(eu)_2016_800_en.txt
Privatsphare,sicherstellen,Strafverfahren,directive_(eu)_2016_800_en.txt
Aufzeichnungen sicherstellen,angemessen nehmen,im Artikel,directive_(eu)_2016_800_en.txt
. Mitgliedsstaaten,ermutigen,im Artikel,directive_(eu)_2016_800_en.txt
Sie,sicherstellen,in welchem,directive_(eu)_2016_800_en.txt
ihre Identitat,.,Strafverfahren,directive_(eu)_2016_800_en.txt
zustandige Behorde,benennen,Kind begleiten,directive_(eu)_2016_800_en.txt
"Hor auf, Kind",haben,verbleibende Gerichtsverhandlungen,directive_(eu)_2016_800_en.txt
b Prasenz,sicherstellen,Strafverfahren,directive_(eu)_2016_800_en.txt
-,-,personlich,directive_(eu)_2016_800_en.txt
Kinder,sicherstellen,ihre Ansichten,directive_(eu)_2016_800_en.txt
WHO,sicherstellen,in der Richtlinie,directive_(eu)_2016_800_en.txt
WHO,sicherstellen,ausfuhrender Mitgliedstaat,directive_(eu)_2016_800_en.txt
nationales Gesetz,sicherstellen,19 Heilmittel,directive_(eu)_2016_800_en.txt
WHO,sicherstellen,unter Weisung,directive_(eu)_2016_800_en.txt
WHO,sicherstellen,zum Kind,directive_(eu)_2016_800_en.txt
WHO,angemessen nehmen,spezifische Ausbildung,directive_(eu)_2016_800_en.txt
solche Dienstleistungen,ermutigen,unparteiische Art und Weise zur Verfugung gestellt,directive_(eu)_2016_800_en.txt
wie Rechte,schicken,in der Richtlinie,directive_(eu)_2016_800_en.txt
8 sie,treffen,Krankenversicherung,directive_(eu)_2016_800_en.txt
welche,ausgelegt als,des Schutzes,directive_(eu)_2016_800_en.txt
Mitgliedsstaaten,bringen in,11. Juni,directive_(eu)_2016_800_en.txt
Sie,informieren,sofort in Auftrag geben,directive_(eu)_2016_800_en.txt
Sie,enthalten,offizielle Veroffentlichung,directive_(eu)_2016_800_en.txt
Methoden,gelegt,Mitgliedsstaaten,directive_(eu)_2016_800_en.txt
Sie,kommunizieren,abgedeckte Richtlinie,directive_(eu)_2016_800_en.txt
Mitgliedsstaaten,einreichen,Gesetzesvorschlage,directive_(eu)_2016_800_en.txt
Richtlinie,eintreten in,der Europaischen Union,directive_(eu)_2016_800_en.txt
27 Adressaten,adressiert an,mit Vertragen,directive_(eu)_2016_800_en.txt
-,erledigt bei,in Strassburg,directive_(eu)_2016_800_en.txt
-,Prasident,fur den Rat,directive_(eu)_2016_800_en.txt
2000 Rat,Richtlinien,Strafsachen,directive_2010_64_eu_en.txt
gegenseitige Anerkennung,Zustande,Individual Rechte,directive_2010_64_eu_en.txt
Mitgliedsstaaten,setzt voraus,Strafjustizsysteme,directive_2010_64_eu_en.txt
welche,Ist,gegenseitige Anerkennung,directive_2010_64_eu_en.txt
auch Regeln,arbeiten,Regeln,directive_2010_64_eu_en.txt
5 Artikel,verankern,fairer Prozess,directive_2010_64_eu_en.txt
Artikel,Garantien,der Verteidigung,directive_2010_64_eu_en.txt
Richtlinie,Respekt,Rechte,directive_2010_64_eu_en.txt
1 Gewerkschaft,haben,der Freiheit,directive_2010_64_eu_en.txt
gegenseitige Anerkennung,werden,Individual Rechte,directive_2010_64_eu_en.txt
-,C,-,directive_2010_64_eu_en.txt
-,Position von,7. Oktober,directive_2010_64_eu_en.txt
andere Probleme,-,im Bereich,directive_2010_64_eu_en.txt
Das,gezeigt,andere Mitgliedsstaaten,directive_2010_64_eu_en.txt
12 Richtlinie,bezieht sich auf,der Roadmap,directive_2010_64_eu_en.txt
Es,legt,zwischen den Mitgliedsstaaten,directive_2010_64_eu_en.txt
13 Richtlinie,zieht weiter,9. Marz,directive_2010_64_eu_en.txt
WHO,darin verankert,der Menschenrechte,directive_2010_64_eu_en.txt
Richtlinie,erleichtert,in der Praxis,directive_2010_64_eu_en.txt
Ziel,Ist,fairer Prozess,directive_2010_64_eu_en.txt
15 Rechte,anwenden,fur Richtlinie,directive_2010_64_eu_en.txt
WHO,bieten,des Verfahrens,directive_2010_64_eu_en.txt
Behorde,hat,geringe Vergehen,directive_2010_64_eu_en.txt
welche,Sei,nach der Verkehrskontrolle,directive_2010_64_eu_en.txt
kompetente unvernunftige Behorde,unvernunftig sein,unter Weisung,directive_2010_64_eu_en.txt
Richtlinie,anwenden,nach Berufung,directive_2010_64_eu_en.txt
Starkung,erfordert,von Echr,directive_2010_64_eu_en.txt
Es,erfordert,in Echr,directive_2010_64_eu_en.txt
Artikel,sorgt fur,Grenzdimension,directive_2010_64_eu_en.txt
Mindestregeln,bezieht sich auf,in welchem,directive_2010_64_eu_en.txt
welche,fuhren zu,gegenseitiges Vertrauen,directive_2010_64_eu_en.txt
gemeinsame Mindestregeln,etab,Strafverfahren,directive_2010_64_eu_en.txt
Rat 2009,angenommen,1,directive_2010_64_eu_en.txt
WHO,gefordert,mutmassliche Massnahmenpersonen,directive_2010_64_eu_en.txt
Es,begrusst,Punkt,directive_2010_64_eu_en.txt
europaischer Rat,unterstrichen,1 jj c,directive_2010_64_eu_en.txt
-,Entscheidung,zwischen den Mitgliedsstaaten,directive_2010_64_eu_en.txt
-,26.10.2010,-,directive_2010_64_eu_en.txt
-,Zeitschrift fur,der Europaischen Union,directive_2010_64_eu_en.txt
WHO,sicherstellen,des Verfahrens,directive_2010_64_eu_en.txt
Deutung,ohne bereitgestellt,ohne Verspatung,directive_2010_64_eu_en.txt
lange Zeit,bilden,unter angemessenen Umstanden angemessen,directive_2010_64_eu_en.txt
23 Respekt,Kompromiss,nationales Gesetz,directive_2010_64_eu_en.txt
kompetente Autoritaten,sicherstellen,gegebener Fall,directive_2010_64_eu_en.txt
verdachtige Personen,haben,nationales Gesetz,directive_2010_64_eu_en.txt
solch ein Befund,mit sich bringen,Europaischer Haftbefehl,directive_2010_64_eu_en.txt
kompetente Autoritaten,in der Lage sein,ernannter fahiger Dolmetscher,directive_2010_64_eu_en.txt
welche,untermauert,der Gerechtigkeit,directive_2010_64_eu_en.txt
Rechte sichern,sicherstellen,geeignete Massnahmen ergreifen,directive_2010_64_eu_en.txt
Das,in der Lage sein,mit Videokonferenzausrustung,directive_2010_64_eu_en.txt
29 Richtlinie,ausgewertet in,praktische Erfahrung,directive_2010_64_eu_en.txt
Es,geandert,welche,directive_2010_64_eu_en.txt
Kommunikation,interpretiert in,mit Direktive,directive_2010_64_eu_en.txt
Das,in der Lage sein,ihre Verteidigung,directive_2010_64_eu_en.txt
Kommunikation,interpretiert,des Verfahrens,directive_2010_64_eu_en.txt
Sie,sicherstellen,des Dolmetschers,directive_2010_64_eu_en.txt
Sie,impliziert,des Dolmetschers,directive_2010_64_eu_en.txt
Ihnen erlauben,bereitgestellt in,des Verfahrens,directive_2010_64_eu_en.txt
-,l,der Europaischen Union,directive_2010_64_eu_en.txt
wesentliche Dokumente,erfordert,mit Direktive,directive_2010_64_eu_en.txt
bestimmte Dokumente,als wesentlich erachtet,seine Freiheit,directive_2010_64_eu_en.txt
Sonstige Unterlagen,Ist,des Verfahrens,directive_2010_64_eu_en.txt
solche Datenbanken,erleichtern,juristische Ubersetzer,directive_2010_64_eu_en.txt
besondere Aufmerksamkeit,bezahlt um,27. November,directive_2010_64_eu_en.txt
-,Vertrag uber,zur Europaischen Union,directive_2010_64_eu_en.txt
daruber hinaus,weitergehen,Ziel erreichen,directive_2010_64_eu_en.txt
Mitgliedsstaaten,benachrichtigt,der Richtlinie,directive_2010_64_eu_en.txt
Danemark,nehmen,seine Anwendung,directive_2010_64_eu_en.txt
32 Richtlinie,Satz,Mindestregeln,directive_2010_64_eu_en.txt
Mitgliedsstaaten,in der Lage sein,in der Richtlinie,directive_2010_64_eu_en.txt
eben,unterschreiten,der Europaischen Union,directive_2010_64_eu_en.txt
Das,inter,der Europaischen Union,directive_2010_64_eu_en.txt
Union,adoptieren,1 jj c,directive_2010_64_eu_en.txt
-,Artikel,-,directive_2010_64_eu_en.txt
Richtlinie,legt,Europaischer Haftbefehl,directive_2010_64_eu_en.txt
Sie,gelten,der Berufung,directive_2010_64_eu_en.txt
Es,nationale Auswirkungen haben,Strafverfahren,directive_2010_64_eu_en.txt
WHO,sicherstellen,wahrend der polizeilichen Befragung,directive_2010_64_eu_en.txt
Pratation,sicherstellen,der Berufung,directive_2010_64_eu_en.txt
Verfahren wer,l,.,directive_2010_64_eu_en.txt
verdachtige Sicherstellungspersonen,sein von,der Verteidigung,directive_2010_64_eu_en.txt
"Stellen Sie sicher, dass sie unbedingt erforderlich sind",sicherstellen,des Verfahrens,directive_2010_64_eu_en.txt
wesentliche Dokumente,enthalten,seine Freiheit,directive_2010_64_eu_en.txt
Rechts,beinhaltet entsprechende,Horbehinderungen,directive_2010_64_eu_en.txt
Qualitat beschweren,sicherstellen,des Verfahrens,directive_2010_64_eu_en.txt
korperliche Anwesenheit,gebraucht,des Verfahrens,directive_2010_64_eu_en.txt
kompetente Autoritaten,sicherstellen,solche 3,directive_2010_64_eu_en.txt
anderes Dokument,entscheiden,gegebener Fall,directive_2010_64_eu_en.txt
verdachtige Personen,einreichen,bewirken,directive_2010_64_eu_en.txt
welche,Sei,gegen sie,directive_2010_64_eu_en.txt
Es,.,der Europaischen Union,directive_2010_64_eu_en.txt
mundliche Ubersetzung,bereitgestellt,des Verfahrens,directive_2010_64_eu_en.txt
Verzicht,Gegenstand sein,des Verzichts,directive_2010_64_eu_en.txt
Mitgliedsstaaten,treffen,des Verfahrens,directive_2010_64_eu_en.txt
sorgen fur die Interpretation,Artikel,unter Artikel,directive_2010_64_eu_en.txt
WHO,bemuhen,unabhangige Ubersetzer,directive_2010_64_eu_en.txt
ein solches Register,zur Verfugung gestellt,Rechtsbeistand,directive_2010_64_eu_en.txt
Dolmetscher,sicherstellen,unter Weisung,directive_2010_64_eu_en.txt
Mitgliedsstaaten,Anfrage,effiziente Kommunikation,directive_2010_64_eu_en.txt
2 Mitgliedstaaten,ubertragen,in Auftrag geben,directive_2010_64_eu_en.txt
Sie,enthalten,offizielle Veroffentlichung,directive_2010_64_eu_en.txt
Methoden,gelegt,Mitgliedsstaaten,directive_2010_64_eu_en.txt
Mitgliedsstaaten,einreichen,Gesetzesvorschlage,directive_2010_64_eu_en.txt
Richtlinie,eintreten in,der Europaischen Union,directive_2010_64_eu_en.txt
280/7 Artikel,-,12-Adressaten-Richtlinie,directive_2010_64_eu_en.txt
-,adressiert an,mit Vertragen,directive_2010_64_eu_en.txt
-,erledigt bei,in Strassburg,directive_2010_64_eu_en.txt
-,Prasident fur,fur den Rat,directive_2010_64_eu_en.txt
en Amtsblatt,Richtlinien,Individual Rechte,directive_2012_13_eu_en.txt
Mitgliedsstaaten,setzt voraus,Strafjustizsysteme,directive_2012_13_eu_en.txt
welche,Ist,gegenseitige Anerkennung,directive_2012_13_eu_en.txt
auch Regeln,arbeiten,Regeln,directive_2012_13_eu_en.txt
-,Artikel,der Menschenrechte,directive_2012_13_eu_en.txt
-,verankern,fairer Prozess,directive_2012_13_eu_en.txt
Artikel,Garantien,der Verteidigung,directive_2012_13_eu_en.txt
2000 Rat,angenommen,Strafsachen,directive_2012_13_eu_en.txt
Artikel zur gegenseitigen Anerkennung,Zustande,der Person,directive_2012_13_eu_en.txt
Einschrankungen,uberschreiten,der Menschenrechte,directive_2012_13_eu_en.txt
Das,gezeigt,andere Mitgliedsstaaten,directive_2012_13_eu_en.txt
-,C,-,directive_2012_13_eu_en.txt
-,Position von,26. April,directive_2012_13_eu_en.txt
8) Starkung,erfordert detaillierte,echr,directive_2012_13_eu_en.txt
2 Gewerkschaft,Satz,der Freiheit,directive_2012_13_eu_en.txt
des Vertrags,werden,Grenzdimension,directive_2012_13_eu_en.txt
Mindestregeln,bezieht sich auf,in welchem,directive_2012_13_eu_en.txt
welche,fuhren zu,gegenseitiges Vertrauen,directive_2012_13_eu_en.txt
gemeinsame Mindestregeln,etab,Strafverfahren,directive_2012_13_eu_en.txt
Rat 2009,.,Nachfolgend Roadmap,directive_2012_13_eu_en.txt
Angeklagter wer,gefordert,fur Massnahmenverdachtige,directive_2012_13_eu_en.txt
also bezeichnend dafur,betont,mit Prioritaten,directive_2012_13_eu_en.txt
seine Vorteile,fuhlte sich voll und ganz an,als Ganzes entworfen,directive_2012_13_eu_en.txt
Es,begrusst,im Dienste der Burger,directive_2012_13_eu_en.txt
andere Probleme,unterstrichen,im Bereich,directive_2012_13_eu_en.txt
erste Massnahme,War,Strafverfahren,directive_2012_13_eu_en.txt
14 Richtlinie,bezieht sich auf,der Roadmap,directive_2012_13_eu_en.txt
angewandt,legt,zwischen den Mitgliedsstaaten,directive_2012_13_eu_en.txt
-,l,-,directive_2012_13_eu_en.txt
Richtlinie vom 1.6.2012,baut auf,der Menschenrechte,directive_2012_13_eu_en.txt
Begriffsvorwurf,gebraucht,6(1 Echr,directive_2012_13_eu_en.txt
Es,angekundigt,in 2010,directive_2012_13_eu_en.txt
16 Richtlinie,gelten,Rechtsstellung,directive_2012_13_eu_en.txt
Behorde,hat,geringe Vergehen,directive_2012_13_eu_en.txt
welche,Sei,nach der Verkehrskontrolle,directive_2012_13_eu_en.txt
kompetente unvernunftige Behorde,unvernunftig sein,unter Weisung,directive_2012_13_eu_en.txt
Richtlinie,anwenden,nach Berufung,directive_2012_13_eu_en.txt
welche,gegrundet von,explizit Anweisung,directive_2012_13_eu_en.txt
welche,informieren,fur Richtlinie,directive_2012_13_eu_en.txt
Information,bereitgestellt,zustandige Behorde,directive_2012_13_eu_en.txt
20 Richtlinie,legt,von Verdachtigen,directive_2012_13_eu_en.txt
Das,ist ohne,zustandigen Gewerkschaftsgerichten,directive_2012_13_eu_en.txt
kompetente Autoritaten,erforderlich,des Verfahrens,directive_2012_13_eu_en.txt
spezifische Umstande,wiederholen,nationales Gesetz,directive_2012_13_eu_en.txt
Verdachtige,verstanden,der Menschenrechte,directive_2012_13_eu_en.txt
verhaftete Informationen,gegeben von,Verstandnis ihrer Verstandnisrechte,directive_2012_13_eu_en.txt
Brief,bereitgestellt,Strafverfahren,directive_2012_13_eu_en.txt
das stimmt,umfassen grundlegende,nationales Gesetz,directive_2012_13_eu_en.txt
Modell,bereitgestellt in,im Anhang,directive_2012_13_eu_en.txt
auch Roadmap-Massnahmen,ist bezeichnend,in Kraft,directive_2012_13_eu_en.txt
Das,andere einbeziehen,in den Mitgliedstaaten,directive_2012_13_eu_en.txt
-,23,-,directive_2012_13_eu_en.txt
Sie,gegeben,laufende Ermittlungen,directive_2012_13_eu_en.txt
wenn Beschreibung,ausreichend gegeben,der Verteidigung,directive_2012_13_eu_en.txt
hat dies beeinflusst,mitgeteilt,der Verteidigung,directive_2012_13_eu_en.txt
Justizbehorde,zur Verfugung gestellt,der Verhaftung,directive_2012_13_eu_en.txt
welche,enthalten,als Dokumente,directive_2012_13_eu_en.txt
solche Materialien,Enthalten in,nationales Gesetz,directive_2012_13_eu_en.txt
wo Ablehnung,abgelehnt,offentliches notwendiges Interesse,directive_2012_13_eu_en.txt
Ablehnung,dagegen abgewogen,Strafverfahren,directive_2012_13_eu_en.txt
Person haben,Sind,nationales Gesetz,directive_2012_13_eu_en.txt
Ubung,Vorurteil,Strafverfahren,directive_2012_13_eu_en.txt
24 Richtlinie,ist ohne,in Haftanstalten,directive_2012_13_eu_en.txt
Sie,sicherstellen,/ EU,directive_2012_13_eu_en.txt
WHO,besonders bezahlen,ihrer Jugend,directive_2012_13_eu_en.txt
27 Personen,gegeben,zwischen den Mitgliedsstaaten,directive_2012_13_eu_en.txt
-,mit,der Menschenrechte,directive_2012_13_eu_en.txt
33 richtig,ohne sein,geschutzte Zeugen,directive_2012_13_eu_en.txt
bezahlte Dokumente,kostenlos zur Verfugung gestellt,ihr Anwalt,directive_2012_13_eu_en.txt
kompetente Autoritaten,nehmen,Verwaltungsaufwand,directive_2012_13_eu_en.txt
36 Verdachtige,haben,mit Direktive,directive_2012_13_eu_en.txt
solch ein Versagen,mit sich bringen,"in der Beschwerde, die",directive_2012_13_eu_en.txt
Mitgliedsstaaten,bieten,in den Mitgliedstaaten,directive_2012_13_eu_en.txt
38 Mitgliedsstaaten,unternehmen,mit Direktive,directive_2012_13_eu_en.txt
praktische Anwendung,durch verschiedene erreicht,Verfahrensrecht,directive_2012_13_eu_en.txt
39 richtig,Satze,Richtlinie Mindestregeln,directive_2012_13_eu_en.txt
Mitgliedsstaaten,erweitern,in der Richtlinie,directive_2012_13_eu_en.txt
eben,unterschreiten,der Menschenrechte,directive_2012_13_eu_en.txt
41 Richtlinie,respektiert grundlegende,anerkannte Charta,directive_2012_13_eu_en.txt
besondere Richtlinie,sucht,der Verteidigung,directive_2012_13_eu_en.txt
Es,umgesetzt,-,directive_2012_13_eu_en.txt
Das,interpretiert,der Menschenrechte,directive_2012_13_eu_en.txt
Union,adoptieren,zur Europaischen Union,directive_2012_13_eu_en.txt
daruber hinaus,weitergehen,Ziel erreichen,directive_2012_13_eu_en.txt
Mitgliedsstaaten,benachrichtigt,der Richtlinie,directive_2012_13_eu_en.txt
Danemark,nehmen,seine Anwendung,directive_2012_13_eu_en.txt
1.6.2012 Amtsblatt,angenommen,Richtlinie,directive_2012_13_eu_en.txt
Richtlinie,legt,gegen sie,directive_2012_13_eu_en.txt
Es,legt,Ihre Rechte,directive_2012_13_eu_en.txt
verdachtige Person,gilt ab,der Berufung,directive_2012_13_eu_en.txt
-,l,von Rechten,directive_2012_13_eu_en.txt
dass sie,gegeben,der Freiheit,directive_2012_13_eu_en.txt
Verdachtige,enthalten,richterliche Autoritat,directive_2012_13_eu_en.txt
Brief,enthalten grundlegende,vorlaufige Freilassung,directive_2012_13_eu_en.txt
Brief,einfach formuliert,einfache Sprache,directive_2012_13_eu_en.txt
indikativer Musterbrief,Satz,uber Rechte,directive_2012_13_eu_en.txt
Rechte zulassen,sicherstellen,zur Interpretation,directive_2012_13_eu_en.txt
Information,sicherstellen,gefahrdete Verdachtige,directive_2012_13_eu_en.txt
Angeklagter wer,sicherstellen,bei der Verhaftung,directive_2012_13_eu_en.txt
Sie,sicherstellen,Das,directive_2012_13_eu_en.txt
Sie,informiert uber,Das,directive_2012_13_eu_en.txt
Sie,gegeben,unangemessene Verzogerung,directive_2012_13_eu_en.txt
-,ein Brief von,Europaisches Haftbefehlsverfahren,directive_2012_13_eu_en.txt
WHO,sicherstellen,ausfuhrender Mitgliedstaat,directive_2012_13_eu_en.txt
. Brief,einfach formuliert,einfache Sprache,directive_2012_13_eu_en.txt
indikativer Musterbrief,Satz,im Anhang,directive_2012_13_eu_en.txt
Sie,sicherstellen,Straftat,directive_2012_13_eu_en.txt
Information,bereitgestellt,der Verteidigung,directive_2012_13_eu_en.txt
-,-,der Europaischen Union,directive_2012_13_eu_en.txt
genaue Information,sicherstellen,beschuldigte Person,directive_2012_13_eu_en.txt
wo dies,sicherstellen,des Verfahrens,directive_2012_13_eu_en.txt
-,Artikel,des Falles,directive_2012_13_eu_en.txt
welche,sicherstellen,ihre Anwalte,directive_2012_13_eu_en.txt
Zugang,sicherstellen,Verteidigung,directive_2012_13_eu_en.txt
1 Zugang,fristgerecht gewahrt,des Gerichts,directive_2012_13_eu_en.txt
erlaube es,gewahrt,fallige Zeit,directive_2012_13_eu_en.txt
Strafverfahren,abgelehnt,in welchem,directive_2012_13_eu_en.txt
Entscheidung,sicherstellen,gerichtliche Themenprufung,directive_2012_13_eu_en.txt
5 Zugang,kostenlos zur Verfugung gestellt,kostenlos,directive_2012_13_eu_en.txt
Das,sicherstellen,des Mitgliedsstaates,directive_2012_13_eu_en.txt
Verdachtige,Artikel,mit Direktive,directive_2012_13_eu_en.txt
Mitgliedsstaaten,Anfrage,der Richtlinie,directive_2012_13_eu_en.txt
welche,ausgelegt als,des Schutzes,directive_2012_13_eu_en.txt
1 Mitgliedsstaaten,.,2. Juni,directive_2012_13_eu_en.txt
2 Mitgliedstaaten,ubertragen,in Auftrag geben,directive_2012_13_eu_en.txt
Sie,enthalten,offizielle Veroffentlichung,directive_2012_13_eu_en.txt
Methoden,gelegt,Mitgliedsstaaten,directive_2012_13_eu_en.txt
Mitgliedsstaaten,einreichen,Gesetzesvorschlage,directive_2012_13_eu_en.txt
Richtlinie,eintreten in,der Europaischen Union,directive_2012_13_eu_en.txt
142/7 Artikel,-,der Europaischen Union,directive_2012_13_eu_en.txt
Richtlinie,adressiert an,mit Vertragen,directive_2012_13_eu_en.txt
-,erledigt bei,in Strassburg,directive_2012_13_eu_en.txt
-,Prasident,fur das Europaische Parlament,directive_2012_13_eu_en.txt
-,Prasident,-,directive_2012_13_eu_en.txt
-,-,der Modellrechte,directive_2012_13_eu_en.txt
alleiniger Zweck,Ist,nationaler Ebene,directive_2012_13_eu_en.txt
Mitgliedsstaaten,gebunden,kein Modell,directive_2012_13_eu_en.txt
Mitgliedsstaaten,andern,nutzliche Informationen,directive_2012_13_eu_en.txt
Mitgliedsbrief eines Mitgliedsstaates,gegeben auf,bei der Festnahme,directive_2012_13_eu_en.txt
Das,verhindern,Strafverfahren,directive_2012_13_eu_en.txt
Du,haben,zum Anwalt,directive_2012_13_eu_en.txt
Rechtsanwalt,ist unabhangig,unabhangig von der unabhangigen Polizei,directive_2012_13_eu_en.txt
Polizei,Hilfe,Du,directive_2012_13_eu_en.txt
Hilfe,sei frei,kostenlos kostenlos,directive_2012_13_eu_en.txt
-,fragen,Mehr Informationen,directive_2012_13_eu_en.txt
habe dich verhaftet,haben,Rechts,directive_2012_13_eu_en.txt
kompetent Sie,haben,kostenlos,directive_2012_13_eu_en.txt
Du,Hilfe,vertraulich,directive_2012_13_eu_en.txt
Du,haben,in Gewahrsam,directive_2012_13_eu_en.txt
Du,ausgestattet mit,mundliche Ubersetzung,directive_2012_13_eu_en.txt
kompetent Sie,haben,mutmassliche Straftat,directive_2012_13_eu_en.txt
Du,Hilfe,entscheide dich dafur,directive_2012_13_eu_en.txt
Du,haben,Anfechtung der Festnahme,directive_2012_13_eu_en.txt
Du,haben,fur dich,directive_2012_13_eu_en.txt
-,informieren,Ihr Konsulat,directive_2012_13_eu_en.txt
will jemanden,erzahlen,Zum Beispiel,directive_2012_13_eu_en.txt
Rechts,eingeschrankt,Ihre Inhaftierung,directive_2012_13_eu_en.txt
Polizei,informieren,von diesem,directive_2012_13_eu_en.txt
konsularische Autoritat,erzahlen,Ihre informierte Inhaftierung,directive_2012_13_eu_en.txt
Du,erzahlen,konsularische Behorde,directive_2012_13_eu_en.txt
habe dich verhaftet,haben,medizinische Assistenz,directive_2012_13_eu_en.txt
kenne dich,lassen,solche Hilfe,directive_2012_13_eu_en.txt
-,-,der Freiheit,directive_2012_13_eu_en.txt
Du,entzogen,Stunden Tage,directive_2012_13_eu_en.txt
WHO,freigegeben,weitere Inhaftierung,directive_2012_13_eu_en.txt
-,fragen,vorlaufige Freilassung,directive_2012_13_eu_en.txt
-,-,eines Europaischen Haftbefehls,directive_2012_13_eu_en.txt
Du,verhaftet am,eines Europaischen Haftbefehls,directive_2012_13_eu_en.txt
Du,haben,von welchem,directive_2012_13_eu_en.txt
Du,haben,in der Sprache,directive_2012_13_eu_en.txt
Du,Zustimmung,Ich suche Dich,directive_2012_13_eu_en.txt
Ihr Einverstandnis,Geschwindigkeit,Verfahren,directive_2012_13_eu_en.txt
Es,schwierig sein,spatere Phase,directive_2012_13_eu_en.txt
Du,haben,Justizbehorde,directive_2012_13_eu_en.txt
notwendige Annaherung,erleichtern,Individual Rechte,directive_2013_48_eu_en.txt
justizielle Zusammenarbeit,bezogen auf,von Urteilen,directive_2013_48_eu_en.txt
Mitgliedsstaaten,setzt voraus,Strafjustizsysteme,directive_2013_48_eu_en.txt
welche,Ist,gegenseitige Anerkennung,directive_2013_48_eu_en.txt
Das,gezeigt,andere Mitgliedsstaaten,directive_2013_48_eu_en.txt
auch Regeln,arbeiten,Regeln,directive_2013_48_eu_en.txt
Starkung,erfordert detaillierte,aus Charter,directive_2013_48_eu_en.txt
Es,erfordert,echr,directive_2013_48_eu_en.txt
2 Artikel,verankern,fairer Prozess,directive_2013_48_eu_en.txt
Artikel,Garantien,der Verteidigung,directive_2013_48_eu_en.txt
Union,Satz,der Freiheit,directive_2013_48_eu_en.txt
davon Prinzip,werden,gegenseitige Anerkennung,directive_2013_48_eu_en.txt
en Amtsblatt,sorgt fur,Grenzdimension,directive_2013_48_eu_en.txt
Mindestregeln,bezieht sich auf,in welchem,directive_2013_48_eu_en.txt
welche,fuhren zu,im Bunde,directive_2013_48_eu_en.txt
Mindestregeln,entfernen,der Mitgliedstaaten,directive_2013_48_eu_en.txt
dritte Seite,etabliert in,der Freiheit,directive_2013_48_eu_en.txt
Rat 2009,angenommen,Roadmap,directive_2013_48_eu_en.txt
Angeklagter wer,fordert,fur Massnahmenverdachtige,directive_2013_48_eu_en.txt
also bezeichnend dafur,betont,mit Prioritaten,directive_2013_48_eu_en.txt
seine Vorteile,fuhlte in,als Ganzes entworfen,directive_2013_48_eu_en.txt
Es,begrusst,im Dienste der Burger,directive_2013_48_eu_en.txt
andere Probleme,unterstrichen,im Bereich,directive_2013_48_eu_en.txt
zwei Massnahmen,angenommen gem,Strafverfahren,directive_2013_48_eu_en.txt
Dritte Haftbefehlspartei,legt,der Freiheit,directive_2013_48_eu_en.txt
welche,fordert,zum Anwalt,directive_2013_48_eu_en.txt
erfordert Verdachtigen,bietet,Rechtsberatung,directive_2013_48_eu_en.txt
Anwalte,in der Lage sein,der Verteidigung,directive_2013_48_eu_en.txt
welche,berucksichtigt,der Richtlinie,directive_2013_48_eu_en.txt
Angeklagter wer,umgesetzt,zum Anwalt,directive_2013_48_eu_en.txt
WHO,bezieht sich auf,an Verdachtige,directive_2013_48_eu_en.txt
Behorde,hat,geringe Vergehen,directive_2013_48_eu_en.txt
welche,Sei,nach der Verkehrskontrolle,directive_2013_48_eu_en.txt
Behorden,sicherstellen,unter Weisung,directive_2013_48_eu_en.txt
Richtlinie,anwenden,nach Berufung,directive_2013_48_eu_en.txt
geringe Vergehen,berucksichtigt,kommunale Vorschriften,directive_2013_48_eu_en.txt
zustandige unvernunftige Behorden,unvernunftig sein,unter Weisung,directive_2013_48_eu_en.txt
Richtlinie,anwenden,Strafsachen,directive_2013_48_eu_en.txt
18 Umfang,beeintrachtigen,vom Anwalt,directive_2013_48_eu_en.txt
Verdachtige,sicherstellen,mit Direktive,directive_2013_48_eu_en.txt
Sie,gewahrt,richtig verzichtet,directive_2013_48_eu_en.txt
verdachtige Person,vorlaufig einschliessen,Stichprobenkontrollen,directive_2013_48_eu_en.txt
verdachtige Person,geschutzt gegen,der Menschenrechte,directive_2013_48_eu_en.txt
wo Person,macht Express,Strafverfahren,directive_2013_48_eu_en.txt
294/3 Befragung,ausgesetzt,verdachtige Person,directive_2013_48_eu_en.txt
Er,Fortsetzung,in der Richtlinie,directive_2013_48_eu_en.txt
22 Verdachtige,haben,sie vertreten,directive_2013_48_eu_en.txt
Mitgliedsstaaten,praktisch machen,des Falles,directive_2013_48_eu_en.txt
wo Treffen,praktisch machen,an Ort und Stelle,directive_2013_48_eu_en.txt
praktische Regelungen,Vorurteil,ihr Anwalt,directive_2013_48_eu_en.txt
23 Verdachtige,haben,sie vertreten,directive_2013_48_eu_en.txt
solche Kommunikation,nehmen,Anwalt treffen,directive_2013_48_eu_en.txt
solche Kommunikationskommunikationen,praktisch machen,stattfinden,directive_2013_48_eu_en.txt
Richtlinie,verhindern,mit dem Telefon,directive_2013_48_eu_en.txt
verdachtige Person,beschrankt auf,Strafverfolgungsbehorde,directive_2013_48_eu_en.txt
wenn sie vorhanden sind,sicherstellen,bei Gerichtsverhandlungen,directive_2013_48_eu_en.txt
solche Verfahren,dabei sein,von rechts,directive_2013_48_eu_en.txt
verdachtige Person,arrangieren,aus denen,directive_2013_48_eu_en.txt
solche Vereinbarungen,enthalten,Rechtshilfe,directive_2013_48_eu_en.txt
welche,.,nationales Gesetz,directive_2013_48_eu_en.txt
-,26,-,directive_2013_48_eu_en.txt
bisher Verdachtige,haben,nationales Gesetz,directive_2013_48_eu_en.txt
Verbrechen,enthalten,verdachtige Person,directive_2013_48_eu_en.txt
Mitgliedsstaaten,praktisch machen,Beweishandlungen,directive_2013_48_eu_en.txt
praktische Regelungen,Vorurteil,von Rechten,directive_2013_48_eu_en.txt
Das,notiert,des Mitgliedsstaates,directive_2013_48_eu_en.txt
Das,bemuhen,durch Verdachtige,directive_2013_48_eu_en.txt
Sie,brauchen,vermittelter Anwalt,directive_2013_48_eu_en.txt
verdachtig,in der Lage sein,"fahiger, frei fahiger Anwalt",directive_2013_48_eu_en.txt
Sie,machen,richtig verzichtet,directive_2013_48_eu_en.txt
Verdachtige,implizieren,der Menschenrechte,directive_2013_48_eu_en.txt
Person,in der Lage sein,der Freiheit,directive_2013_48_eu_en.txt
Mitgliedsstaaten,gestattet,der Freiheit,directive_2013_48_eu_en.txt
kompetente Autoritaten,Frage,in der Richtlinie,directive_2013_48_eu_en.txt
Video dazu,arrangieren,per Telefon,directive_2013_48_eu_en.txt
31 Mitgliedsstaaten,gestattet,der Person,directive_2013_48_eu_en.txt
solche Fragen,Frage,gegen Selbstbezichtigung,directive_2013_48_eu_en.txt
Das,getragen,der Person,directive_2013_48_eu_en.txt
Missbrauch,Vorurteil,der Verteidigung,directive_2013_48_eu_en.txt
-,6.11.2013,-,directive_2013_48_eu_en.txt
Sofortmassnahme,gestattet,mit Zeugen,directive_2013_48_eu_en.txt
solche Fragen,Frage,gegen Selbstbezichtigung,directive_2013_48_eu_en.txt
Das,getragen,Strafverfahren,directive_2013_48_eu_en.txt
Vertraulichkeit,ist der Schlussel,fairer Prozess,directive_2013_48_eu_en.txt
Mitgliedsstaaten,respektieren,ohne Ausnahme,directive_2013_48_eu_en.txt
Rechtsanwalt,ist ohne,Straftat,directive_2013_48_eu_en.txt
Kriminelle Aktivitat,berucksichtigt,der Richtlinie,directive_2013_48_eu_en.txt
Vereinbarungen,impliziert,die Vertraulichkeit wahren,directive_2013_48_eu_en.txt
zustandige Genehmigungsbehorden,ist ohne,zwischen Verdachtigen,directive_2013_48_eu_en.txt
zur Korrespondenz,Ist,zustandiges Gericht vorgelegt,directive_2013_48_eu_en.txt
welche,ohne sein,kompetente Autoritaten,directive_2013_48_eu_en.txt
Titel v,ohne sein,Innere Sicherheit,directive_2013_48_eu_en.txt
stellte dies zur Verfugung,haben,gegen Person,directive_2013_48_eu_en.txt
Mitgliedsstaaten,praktisch machen,von rechts,directive_2013_48_eu_en.txt
praktische Regelungen,Vorurteil,von rechts,directive_2013_48_eu_en.txt
wenn das,moglich sein,in der Richtlinie,directive_2013_48_eu_en.txt
dritte Person,halten,der Freiheit,directive_2013_48_eu_en.txt
36 Verdachtige,haben,nominierte sie,directive_2013_48_eu_en.txt
Mitgliedsstaaten,Grenze,zwingende Anforderungen,directive_2013_48_eu_en.txt
solche Anforderungen,enthalten,der Kriminalitat,directive_2013_48_eu_en.txt
erste Verdachtige,halten,nominierte sie,directive_2013_48_eu_en.txt
Rechtsanwalt,praktisch machen,Aussagen,directive_2013_48_eu_en.txt
Rechtsanwalt,notiert,des Mitgliedsstaates,directive_2013_48_eu_en.txt
wo es,darin verankert,ihre Staatsangehorigen,directive_2013_48_eu_en.txt
Angeklagter wer,verleiht,ihre Wunsche,directive_2013_48_eu_en.txt
solche Behorden,von Diplomaten ausgeubt,Konsularbehorden,directive_2013_48_eu_en.txt
gesuchte Personen,haben,ausfuhrender Mitgliedstaat,directive_2013_48_eu_en.txt
wo Treffen,praktisch machen,zwischen Anwalt,directive_2013_48_eu_en.txt
solche Kommunikation,moglich sein,mit Anwalt,directive_2013_48_eu_en.txt
solche Mitteilungen,praktisch machen,stattfinden,directive_2013_48_eu_en.txt
solche Vereinbarungen,geregelt durch nationale,nationales Gesetz,directive_2013_48_eu_en.txt
gesuchte Personen,implizieren,aus denen,directive_2013_48_eu_en.txt
Sie,Satz,vorubergehende Ausnahmeregelungen,directive_2013_48_eu_en.txt
vorubergehende Ausnahmen,proportional sein,des Verfahrens,directive_2013_48_eu_en.txt
keine Entscheidung,sicherstellen,wahrend der Probephase,directive_2013_48_eu_en.txt
sofern sie,in der Lage sein,auf das Recht zu verzichten,directive_2013_48_eu_en.txt
spezifische Bedingungen,hineingebracht,Ihr Alter,directive_2013_48_eu_en.txt
Es,notiert,des Mitgliedsstaates,directive_2013_48_eu_en.txt
Mitgliedsstaaten,fuhren zu,Verwaltungsaufwand,directive_2013_48_eu_en.txt
wenn richtig,notig sein,wahrend der Periode,directive_2013_48_eu_en.txt
-,Personen Gegenstand,Europaischer Haftbefehl,directive_2013_48_eu_en.txt
Ihnen erlauben,haben,im Rahmenbeschluss,directive_2013_48_eu_en.txt
wo Anwalt,Information,im Mitgliedsstaat,directive_2013_48_eu_en.txt
WHO,enthalten,Falle von Europaischen Haftbefehlen,directive_2013_48_eu_en.txt
zustandige Anwaltskammer,Anfrage,Ziehungsliste,directive_2013_48_eu_en.txt
-,47,-,directive_2013_48_eu_en.txt
Ubergabeverfahren,ist entscheidend,zwischen den Mitgliedsstaaten,directive_2013_48_eu_en.txt
Beachtung,ist bedeutsam,eine so wichtige Zusammenarbeit,directive_2013_48_eu_en.txt
Zeitbegrenzungen,respektierte,Europaisches Haftbefehlsverfahren,directive_2013_48_eu_en.txt
Angeklagter wer,untermauert,der Gerechtigkeit,directive_2013_48_eu_en.txt
Rechte sichern,erleichtern,geeignete Massnahmen ergreifen,directive_2013_48_eu_en.txt
52 Richtlinie,halt an,der Verteidigung,directive_2013_48_eu_en.txt
Richtlinie,Implementiert in,mit Rechten,directive_2013_48_eu_en.txt
wo sie,sicherstellen,der Menschenrechte,directive_2013_48_eu_en.txt
54 Richtlinie,Satze,Mindestregeln,directive_2013_48_eu_en.txt
Mitgliedsstaaten,erweitern,des Schutzes,directive_2013_48_eu_en.txt
Mindestregeln,bilden,Das,directive_2013_48_eu_en.txt
eben,unterschreiten,der Menschenrechte,directive_2013_48_eu_en.txt
Richtlinie,fordert,Kinder geschenkt,directive_2013_48_eu_en.txt
solchen Verzicht,stellt sicher,unter Weisung,directive_2013_48_eu_en.txt
ist Inhaber,benachrichtigt,mit Grunden,directive_2013_48_eu_en.txt
geeigneter Erwachsener,informiert,als relativ,directive_2013_48_eu_en.txt
Das,ohne sein,zu Bestimmungen,directive_2013_48_eu_en.txt
welche,anwenden,der Menschenrechte,directive_2013_48_eu_en.txt
Das,einstellen,Richtlinie,directive_2013_48_eu_en.txt
Rechte,sicherstellen,des Verfahrens,directive_2013_48_eu_en.txt
belastende voreingenommene Aussagen,musste,zur Uberzeugung,directive_2013_48_eu_en.txt
wo Zugang,ohne sein,ernstes Verbrechen,directive_2013_48_eu_en.txt
vorhandene Beweise,ohne sein,solche Beweise,directive_2013_48_eu_en.txt
"diejenigen, die",-,des Kindes,directive_2013_48_eu_en.txt
sind wer,unterlassen,Umstande,directive_2013_48_eu_en.txt
angewandtes Kind,ohne Kontakt zur Aussenwelt festgehalten,von Kindern,directive_2013_48_eu_en.txt
-,56,-,directive_2013_48_eu_en.txt
1 Mitgliedsstaaten,unternommen,nationale Umsetzungsinstrumente,directive_2013_48_eu_en.txt
Ubertragung,uberlegt,solche Dokumente,directive_2013_48_eu_en.txt
Union,adoptieren,5 Tage,directive_2013_48_eu_en.txt
daruber hinaus,weitergehen,Ziele erreichen,directive_2013_48_eu_en.txt
Mitgliedsstaaten,nehmen,seine Anwendung,directive_2013_48_eu_en.txt
Danemark,nehmen,seine Anwendung,directive_2013_48_eu_en.txt
-,angenommen,Richtlinie,directive_2013_48_eu_en.txt
dritte Seite,legt,der Freiheit,directive_2013_48_eu_en.txt
von ihnen,gilt fur,der Freiheit beraubt,directive_2013_48_eu_en.txt
verdachtige Person,gilt bis,der Berufung,directive_2013_48_eu_en.txt
Richtlinie,gilt fur,mit Artikel,directive_2013_48_eu_en.txt
Angeklagter wer,gilt,Strafverfolgungsbehorde,directive_2013_48_eu_en.txt
Richtlinie,gelten,Strafsachen,directive_2013_48_eu_en.txt
-,-,der Europaischen Union,directive_2013_48_eu_en.txt
verdachtige Person,anwenden,Strafverfahren,directive_2013_48_eu_en.txt
-,Artikel,der Kriminalitat,directive_2013_48_eu_en.txt
Personen zulassen,sicherstellen,der Verteidigung,directive_2013_48_eu_en.txt
allgemeine Informationen,bemuhen,durch Verdachtige,directive_2013_48_eu_en.txt
2 Verdachtige,haben,unangemessene Verzogerung,directive_2013_48_eu_en.txt
Sie,3,vor Gericht,directive_2013_48_eu_en.txt
ihr Anwalt,mit sich bringen,Angeklagte haben Recht,directive_2013_48_eu_en.txt
verdachtige Person,sicherstellen,Gesetz,directive_2013_48_eu_en.txt
macht es,abweichen,der Freiheit,directive_2013_48_eu_en.txt
Sofortmassnahme,abweichen,Strafverfahren,directive_2013_48_eu_en.txt
Vertraulichkeit der Mitgliedstaaten,respektieren,unter Weisung,directive_2013_48_eu_en.txt
solche Kommunikation,enthalten,nationales Gesetz,directive_2013_48_eu_en.txt
dritte Person,Artikel,der Freiheit,directive_2013_48_eu_en.txt
Sie,sicherstellen,unangemessene Verzogerung,directive_2013_48_eu_en.txt
geeigneter Fall fur Erwachsene,sicherstellen,des Kindes,directive_2013_48_eu_en.txt
Person,berucksichtigt,18 Jahre,directive_2013_48_eu_en.txt
. Mitgliedsstaaten,Kation von,zwingende Grunde,directive_2013_48_eu_en.txt
2 Verdachtige,haben,von Verdachtigen,directive_2013_48_eu_en.txt
Rechte,durch nationale geregelt,wofur,directive_2013_48_eu_en.txt
Strafverfahren,Ist,Vorbeugen ist eine notwendige Situation,directive_2013_48_eu_en.txt
Behorde,sicherstellen,des Kindes,directive_2013_48_eu_en.txt
-,basierend,des Verfahrens,directive_2013_48_eu_en.txt
-,Artikel,Dritte Personen,directive_2013_48_eu_en.txt
Angeklagter wer,sicherstellen,nominierte sie,directive_2013_48_eu_en.txt
Entscheidung,autorisiert,gerichtliche Uberprufung,directive_2013_48_eu_en.txt
begrundete Entscheidung,verzeichnet,des Mitgliedsstaates,directive_2013_48_eu_en.txt
. Mitgliedsstaaten,Grenze,zwingende Anforderungen,directive_2013_48_eu_en.txt
Entscheidung,.,gerichtliche Uberprufung,directive_2013_48_eu_en.txt
-,Artikel,Konsularbehorden,directive_2013_48_eu_en.txt
Sie,sicherstellen,mit Autoritaten,directive_2013_48_eu_en.txt
Sie,wahlen,mit denen,directive_2013_48_eu_en.txt
b Verzicht,sicherstellen,der Europaischen Union,directive_2013_48_eu_en.txt
Verzicht,notiert,des Mitgliedsstaates,directive_2013_48_eu_en.txt
Sie,sicherstellen,uber die Moglichkeit,directive_2013_48_eu_en.txt
Es,haben,von Moment an,directive_2013_48_eu_en.txt
-,l,ausstellender Mitgliedstaat,directive_2013_48_eu_en.txt
zustandige Behorde,bieten,bei der Anwaltsbestellung,directive_2013_48_eu_en.txt
Person,ist ohne,im Rahmenbeschluss,directive_2013_48_eu_en.txt
-,Artikel,Europaisches Haftbefehlsverfahren,directive_2013_48_eu_en.txt
welche,ist ohne,mit Charter,directive_2013_48_eu_en.txt
gesuchte Person,sicherstellen,Europaischer Haftbefehl,directive_2013_48_eu_en.txt
ihr Anwalt,haben,Justizbehorde,directive_2013_48_eu_en.txt
vorubergehende Ausnahmeregelung,Rechte,ausfuhrender Mitgliedstaat,directive_2013_48_eu_en.txt
Sie,informieren,ausstellender Mitgliedstaat,directive_2013_48_eu_en.txt
Rolle,Ist,im Rahmenbeschluss,directive_2013_48_eu_en.txt
Verdachtige,sicherstellen,unter Weisung,directive_2013_48_eu_en.txt
3(6 Rechte,sicherstellen,des Verfahrens,directive_2013_48_eu_en.txt
besondere Bedurfnisse,sicherstellen,der Richtlinie,directive_2013_48_eu_en.txt
-,Klausel,-,directive_2013_48_eu_en.txt
welche,ausgelegt als,des Schutzes,directive_2013_48_eu_en.txt
zustandige Behorde,informieren,kompetent 1,directive_2013_48_eu_en.txt
Mitgliedsstaaten,bringen in,27. November,directive_2013_48_eu_en.txt
Sie,informieren,sofort in Auftrag geben,directive_2013_48_eu_en.txt
Sie,enthalten,offizielle Veroffentlichung,directive_2013_48_eu_en.txt
Methoden,gelegt,Mitgliedsstaaten,directive_2013_48_eu_en.txt
Sie,kommunizieren,abgedeckte Richtlinie,directive_2013_48_eu_en.txt
Mitgliedsstaaten,einreichen,Gesetzesvorschlage,directive_2013_48_eu_en.txt
Richtlinie,eintreten in,der Europaischen Union,directive_2013_48_eu_en.txt
18 Adressaten,adressiert an,mit Vertragen,directive_2013_48_eu_en.txt
-,erledigt bei,in Strassburg,directive_2013_48_eu_en.txt
-,Prasident fur,fur den Rat,directive_2013_48_eu_en.txt
